{"sections":{"main":{"type":"main-404","settings":{}},"16478322674afd3f12":{"type":"collection-list","blocks":{"1647832267f0a54935-0":{"type":"featured_collection","settings":{"collection":"","title":""}},"1647832267f0a54935-1":{"type":"featured_collection","settings":{"collection":"","title":""}},"1647832267f0a54935-2":{"type":"featured_collection","settings":{"collection":"","title":""}},"1647832267f0a54935-3":{"type":"featured_collection","settings":{"collection":"","title":""}}},"block_order":["1647832267f0a54935-0","1647832267f0a54935-1","1647832267f0a54935-2","1647832267f0a54935-3"],"settings":{"container":"container","color_schema":"background-1","heading":"Back to the shop...","description":"","card_style":"1","text_alignment":"center","text_color":"#000000","image_ratio":"adapt","show_count":false,"inline_count":false,"columns":4,"column_gap":"medium","enable_slider":false,"show_dots":false,"show_nav":false,"enable_swipe_mobile":false,"padding_top":40,"padding_bottom":80,"custom_id":"","custom_class":""}}},"order":["main","16478322674afd3f12"]}