{"sections":{"cart-items":{"type":"main-cart-items","settings":{"show_vendor":false}},"cart-footer":{"type":"main-cart-footer","blocks":{"subtotal":{"type":"subtotal","settings":{}},"buttons":{"type":"buttons","settings":{"show_additional_checkout_buttons":true}},"877a6122-be59-43b8-9681-b365ef922604":{"type":"note","settings":{}},"a2300ebd-344e-4bc6-925b-1c6191e06785":{"type":"shipping","settings":{}}},"block_order":["subtotal","buttons","877a6122-be59-43b8-9681-b365ef922604","a2300ebd-344e-4bc6-925b-1c6191e06785"],"settings":{}},"product-recommendations":{"type":"product-recommendations","settings":{"container":"container","color_schema":"background-1","heading":"You may also like","description":"","limit":8,"columns":4,"column_gap":"medium","enable_slider":true,"show_nav":true,"show_dots":false,"enable_swipe_mobile":true,"padding_top":0,"padding_bottom":80}}},"order":["cart-items","cart-footer","product-recommendations"]}