{"sections":{"banner":{"type":"main-collection-banner","blocks":{"banner_QmMYHD":{"type":"banner","settings":{"collection":"battery-powered-security-cameras","image":"shopify:\/\/shop_images\/Battery-PoweredSecurityCameras.jpg"}},"banner_jEEfz6":{"type":"banner","settings":{"collection":"ptz-cameras","image":"shopify:\/\/shop_images\/PTZ-Cameras_89e91fe1-b9c6-4359-8211-195ba171810d.jpg"}},"banner_nJ7YMn":{"type":"banner","settings":{"collection":"solar-powered-security-cameras","image":"shopify:\/\/shop_images\/Solar-PoweredSecurity_Cameras.jpg"}},"banner_mF6Nfj":{"type":"banner","settings":{"collection":"wired-security-cameras","image":"shopify:\/\/shop_images\/Wired_Security_Cameras.jpg"}},"banner_bdCXVL":{"type":"banner","settings":{"collection":"dual-cam","image":"shopify:\/\/shop_images\/DualLens_Cam.jpg"}},"banner_MHmcWh":{"type":"banner","settings":{"collection":"2-4g-5g-dual-band","image":"shopify:\/\/shop_images\/Wired_Security_Cameras.jpg"}},"banner_drJqV8":{"type":"banner","settings":{"collection":"4g-lte-cam","image":"shopify:\/\/shop_images\/4G_LTE_Cam.jpg"}},"banner_JPDpqV":{"type":"banner","settings":{"collection":"doorbell","image":"shopify:\/\/shop_images\/Doorbell.jpg"}},"banner_eRHcpi":{"type":"banner","settings":{"collection":"package","image":"shopify:\/\/shop_images\/Accessories.jpg"}},"banner_qVFfCi":{"type":"banner","disabled":true,"settings":{"collection":"childrens-day-sales","image":"shopify:\/\/shop_images\/Banner_9c964af2-0eac-4b70-8a57-b2793594fdd1.jpg"}},"banner_GQfUUw":{"type":"banner","disabled":true,"settings":{"collection":"fathers-dat-sale","image":"shopify:\/\/shop_images\/father_s-day-zumimall-cameras_6ae1988b-494e-4dec-ac30-593f66eca5c4.jpg","image_mobile":"shopify:\/\/shop_images\/father_s-day-zumimall-cameras-secure-camera_ad228265-9edd-4c98-9288-f65a6c4d88d1.jpg"}},"banner_MKKNLt":{"type":"banner","settings":{"collection":"independence-day","image":"shopify:\/\/shop_images\/banner_cc16c708-a5f7-468d-ac37-302a69292b7f.png","image_mobile":"shopify:\/\/shop_images\/banner_7f62cf38-fd85-42ad-ae66-94a337dee358.jpg"}}},"block_order":["banner_QmMYHD","banner_jEEfz6","banner_nJ7YMn","banner_mF6Nfj","banner_bdCXVL","banner_MHmcWh","banner_drJqV8","banner_JPDpqV","banner_eRHcpi","banner_qVFfCi","banner_GQfUUw","banner_MKKNLt"],"custom_css":[".collection-banner__title {display: none;}"],"settings":{"container":"container","color_schema":"background-1","image_height":"adapt","text_alignment":"center","show_breadcrumb":true,"show_desc":true,"show_collection_image":true,"image_position":"use_image_as_background","image_overlay_opacity":0,"animations":"inherit","enable_bg_zoom_effect":true}},"product-grid":{"type":"main-collection-product-grid","custom_css":[".f-facets__block.js-filter[data-index=\"3\"],.f-facets__block.js-filter[data-index=\"4\"] {display: none;}"],"settings":{"container":"container","products_per_page":12,"columns":4,"column_gap":"small","enable_product_count":true,"enable_filtering":true,"enable_sorting":true,"sidebar_position":"left","group_collapsible":false,"default_state_collapsible":"collapsed","open_first_group":false,"filter_group_heading_size":"h6","show_results_count":true,"filter_color_type":"list","paginate_type":"number","padding_top":0,"padding_bottom":100}}},"order":["banner","product-grid"]}