{"sections":{"4595571a-cc7f-48db-a0ac-caff45d830ee":{"type":"slideshow","blocks":{"slide_i3zwN4":{"type":"slide","settings":{"background":"shopify:\/\/shop_images\/2_1920x960_4e88bc2c-75a5-46bd-a755-60a24195cb88.jpg","mb_background":"shopify:\/\/shop_images\/2_1-1_1.jpg","image_overlay_opacity":0,"content_position":"center-bottom","text_alignment":"center","text_color":"#000000","title":"","heading_size":"h2","subheading":"","description":"","desc_size":"text-desc-base","button_text_1":"SHOP NOW!","button_link_1":"shopify:\/\/collections\/independence-day-deal","button_style_1":"btn--white","button_size_1":"btn--small","button_text_2":"","button_link_2":"","button_style_2":"btn--primary","button_size_2":""}},"slide_tmU6Yt":{"type":"slide","settings":{"background":"shopify:\/\/shop_images\/G4K-CE.jpg","mb_background":"shopify:\/\/shop_images\/c3123192-7f06-479a-b295-bbff748901d1_c9a6f10b-1392-4c68-8f4e-b7b006ed1926.gif","image_overlay_opacity":0,"content_position":"center-bottom","text_alignment":"center","text_color":"#000000","title":"","heading_size":"h2","subheading":"","description":"","desc_size":"text-desc-base","button_text_1":"SHOP NOW","button_link_1":"https:\/\/www.zumimall.com\/products\/4g-lte-cellular-camera-g4","button_style_1":"btn--underline","button_size_1":"","button_text_2":"","button_link_2":"","button_style_2":"btn--primary","button_size_2":""}},"template--17157701533922__4595571a-cc7f-48db-a0ac-caff45d830ee-slide-1":{"type":"slide","disabled":true,"settings":{"background":"shopify:\/\/shop_images\/F5-wireless-security_74e10acb-f513-4d58-9eee-1deb019ccb64.jpg","mb_background":"shopify:\/\/shop_images\/6_8d447a37-9599-4ff2-9903-aadb1f42df34.jpg","image_overlay_opacity":0,"content_position":"center-bottom","text_alignment":"center","text_color":"#ffffff","title":"","heading_size":"h-xl","subheading":"","description":"","desc_size":"text-desc-lg","button_text_1":"Shop now","button_link_1":"shopify:\/\/products\/🔥prime-day-deal-2k-stick-up-wireless-security-camera-f5n-type-c","button_style_1":"btn--white","button_size_1":"","button_text_2":"","button_link_2":"","button_style_2":"btn--primary","button_size_2":""}},"0177835c-6ae2-4c92-99a1-67a71d7184a0":{"type":"slide","disabled":true,"settings":{"background":"shopify:\/\/shop_images\/PG1-zumimall-cameras_ef7fac05-90c0-4522-a3e3-6d387a1ecc1c.jpg","mb_background":"shopify:\/\/shop_images\/3_51d5b746-7dd6-4b86-8cd2-ed894c7f949d.jpg","image_overlay_opacity":0,"content_position":"left-middle","text_alignment":"center","text_color":"#ffffff","title":"","heading_size":"h-xl","subheading":"","description":"","desc_size":"text-desc-base","button_text_1":"Shop now","button_link_1":"shopify:\/\/products\/tiejus-360-ptz-solar-panel-wireless-outdoor-10x-zoom-dual-lens-security-cameras-pg1","button_style_1":"btn--white","button_size_1":"","button_text_2":"","button_link_2":"","button_style_2":"btn--primary","button_size_2":""}},"slide_tpArYM":{"type":"slide","disabled":true,"settings":{"background":"shopify:\/\/shop_images\/X2-outdoor-security-cameras.jpg","mb_background":"shopify:\/\/shop_images\/4_e3525e40-87d9-4c94-9b37-05c8b3c639ce.jpg","image_overlay_opacity":0,"content_position":"left-middle","text_alignment":"center","text_color":"#ffffff","title":"","heading_size":"h-xl","subheading":"","description":"","desc_size":"text-desc-base","button_text_1":"Shop now","button_link_1":"shopify:\/\/products\/2k-ptz-solar-wireless-security-camera-gx2k","button_style_1":"btn--white","button_size_1":"","button_text_2":"","button_link_2":"","button_style_2":"btn--primary","button_size_2":""}},"48cd68c8-4086-4e00-a67a-69f1278bb1b2":{"type":"slide","disabled":true,"settings":{"mb_background":"shopify:\/\/shop_images\/c3123192-7f06-479a-b295-bbff748901d1.gif","image_overlay_opacity":0,"content_position":"left-middle","text_alignment":"center","text_color":"#131010","title":"","heading_size":"h-xl","subheading":"4G LET","description":"","desc_size":"text-desc-base","button_text_1":"Shop now","button_link_1":"shopify:\/\/products\/🔥monthly-sale-5mp-360-ptz-dual-band-5g-2-4g-wired-security-camera-bk05-ca","button_style_1":"btn--white","button_size_1":"","button_text_2":"","button_link_2":"","button_style_2":"btn--primary","button_size_2":""}}},"block_order":["slide_i3zwN4","slide_tmU6Yt","template--17157701533922__4595571a-cc7f-48db-a0ac-caff45d830ee-slide-1","0177835c-6ae2-4c92-99a1-67a71d7184a0","slide_tpArYM","48cd68c8-4086-4e00-a67a-69f1278bb1b2"],"custom_css":["@media (max-width: 767px) {.f-slideshow__content-wrapper {align-items: end; padding-bottom: 0; }}","@media (min-width: 768px) {.f-slideshow__content .f-slideshow__btn {--btn-padding: 5rem; --btn-height: 64px; font-size: 1.8rem; } .f-slideshow__content .f-slideshow__btn-group {margin-top: 7.5rem !important; }}",".f-slideshow__btn {opacity: 0.5 !important;}","[aria-disabled=\"true\"] {opacity: 1 !important;}"],"settings":{"container":"container-full","slideshow_height":"adapt","show_dots":true,"show_nav":true,"autoplay":true,"autorotate_speed":5,"pagination_background":"none","controls_position":"center","pagination_style":"dots","show_text_below":false,"text_alignment_mobile":"center","accessibility_info":"Slideshow about our brand","custom_id":"","custom_class":"","enable_bg_zoom_effect":true}},"gallery_images_aU7h9y":{"type":"gallery-images","blocks":{"image_whxJnn":{"type":"image","settings":{"image":"shopify:\/\/shop_images\/G4_97a087c8-89eb-454c-9957-a229aeff759b.jpg","text":"4G LTE Camera-G1K","text_size":"medium","link":"https:\/\/www.zumimall.com\/products\/4g-lte-cellular-camera-g4"}},"image_nREkiL":{"type":"image","disabled":true,"settings":{"image":"shopify:\/\/shop_images\/BK05-zumimall-cameras_94f5226d-7193-46a4-9dd4-d55022328aba.jpg","text":"","text_size":"medium","link":"https:\/\/www.zumimall.com\/products\/%E2%9A%A1zumimall-5g-2-4g-wifi-wired-security-camera-plug-in-power-bk05"}},"image_UGmQ8p":{"type":"image","disabled":true,"settings":{"image":"shopify:\/\/shop_images\/P10_fad2be22-952a-4e75-acc5-255337b70b4e.jpg","text":"","text_size":"medium","link":"https:\/\/www.zumimall.com\/products\/zumimall-2-4g-wifi-dual-lens-video-doorbell-camera-with-chime-p10-worldwide-sales"}},"image_GV8zhc":{"type":"image","disabled":true,"settings":{"image":"shopify:\/\/shop_images\/DG4K_a7d7dc0c-aa78-4387-a61c-2f6297bbefd2.jpg","text":"","text_size":"medium","link":"https:\/\/www.zumimall.com\/products\/new-product-spike-2k-rechargeable-battery-wireless-security-camera-dg4-type-c"}},"image_YXYCyP":{"type":"image","disabled":true,"settings":{"image":"shopify:\/\/shop_images\/BK06-1_49f8bd1a-d85d-47e8-8996-3c80edfe139f.jpg","text":"","text_size":"medium","link":"https:\/\/www.zumimall.com\/products\/%E2%9A%A1-bfcm-5g-2-4g-wired-baby-monitor-bk06-1"}},"image_yMTpNn":{"type":"image","disabled":true,"settings":{"image":"shopify:\/\/shop_images\/G1K_4b0cb137-26bc-43aa-bc43-645c9bab9c06.jpg","text":"","text_size":"medium","link":"https:\/\/www.zumimall.com\/products\/%E2%9A%A1-bfcm-4g-lte-cellular-camera-g4"}},"image_fPf8bf":{"type":"image","settings":{"image":"shopify:\/\/shop_images\/x2k_6816df37-2496-4b83-93fd-0eb1c63edd35.jpg","text":"360°PTZ Battery camera -GX2K","text_size":"medium","link":"https:\/\/www.zumimall.com\/products\/%E2%9A%A1-360-2-4g-wifi-battery-camera-gx2k"}},"image_JNVTKG":{"type":"image","settings":{"image":"shopify:\/\/shop_images\/P8W-_4.jpg","text":"Video Doorbell-P8","text_size":"medium","link":"https:\/\/www.zumimall.com\/products\/%F0%9F%94%A5monthly-sale-2k-wireless-video-doorbell-with-chime-p8w"}},"image_AiD7zY":{"type":"image","settings":{"image":"shopify:\/\/shop_images\/DG4K_96ccf4ee-c049-4261-8a67-8adc0c2827a3.jpg","text":"Solar&Battery Camera-DG4K","text_size":"medium","link":"https:\/\/www.zumimall.com\/products\/new-product-spike-2k-rechargeable-battery-wireless-security-camera-dg4-type-c"}}},"block_order":["image_whxJnn","image_nREkiL","image_UGmQ8p","image_GV8zhc","image_YXYCyP","image_yMTpNn","image_fPf8bf","image_JNVTKG","image_AiD7zY"],"custom_css":[],"settings":{"container":"container","color_schema":"background-2","heading":"","heading_size":"h2","subheading":"","description":"","button_label":"","button_link":"","button_style":"btn--primary","image_ratio":"adapt","columns":4,"column_gap":"medium","layout":"grid","metro_item_color_schema":"","enable_slider":false,"show_nav":false,"show_dots":false,"enable_swipe_mobile":false,"padding_top":40,"padding_bottom":40,"custom_id":"","custom_class":"","animations":"inherit"}},"dfd0f530-ae35-4165-8da2-d144403961d1":{"type":"scrolling-promotion","blocks":{"testimonial_7dAYjk":{"type":"testimonial","disabled":true,"settings":{"text":"<p>Click here to view<\/p><p>the announcement<\/p>","author":"","product":"","icon":"none"}},"7d638b13-7969-48f9-8cac-9efa856eacb8":{"type":"announcement","disabled":true,"settings":{"text":"Labor Day Deal 8.29-9.2 \/ UP TO 60% OFF","font_family":"body","text_size":22,"text_link":"shopify:\/\/collections\/⚡flash-sale"}},"1066d7cf-7ed4-46c5-bd96-419f41a934b2":{"type":"announcement","disabled":true,"settings":{"text":"⚡Click here to get extra 10% off","font_family":"body","text_size":20,"text_link":"shopify:\/\/collections\/special-offers-10-off"}},"testimonial_TaULq3":{"type":"testimonial","disabled":true,"settings":{"text":"<p>🔥-18$ OFF Over $299<br\/>🔥-12$ OFF Over $259<\/p>","author":"","product":"","icon":"none"}},"testimonial_7UKBnF":{"type":"testimonial","disabled":true,"settings":{"text":"<p>⚡-8$ OFF Over $199<\/p><p>⚡-5$ OFF Over $99<\/p>","author":"","product":"","icon":"none"}},"announcement_xqK7Gx":{"type":"announcement","disabled":true,"settings":{"text":"💖Women‘s Day sale","font_family":"body","text_size":24,"text_link":""}},"announcement_9PmAqG":{"type":"announcement","disabled":true,"settings":{"text":"🚨ZUMIMALL APP Upgrade Notice！🚨","font_family":"body","text_size":20,"text_link":"https:\/\/www.zumimall.com\/pages\/important-announcement"}}},"block_order":["testimonial_7dAYjk","7d638b13-7969-48f9-8cac-9efa856eacb8","1066d7cf-7ed4-46c5-bd96-419f41a934b2","testimonial_TaULq3","testimonial_7UKBnF","announcement_xqK7Gx","announcement_9PmAqG"],"settings":{"container":"container-full","color_schema":"","heading":"⚡Weekly Special Offers","heading_size":"h2","description":"","alignment":"center","direction":"left","pause_on_hover":false,"speed":0.2,"item_gap":102,"item_gap_mobile":28,"padding_top":0,"padding_bottom":0,"custom_id":"","custom_class":"border-bottom"}},"gallery_images_EDCBPM":{"type":"gallery-images","blocks":{"image_PKApXq":{"type":"image","settings":{"image":"shopify:\/\/shop_images\/BK0529.99.png","text":"","text_size":"medium","link":"https:\/\/www.zumimall.com\/products\/%E2%9A%A1zumimall-5g-2-4g-wifi-wired-security-camera-plug-in-power-bk05"}},"image_8DQB7j":{"type":"image","settings":{"image":"shopify:\/\/shop_images\/Q6K_39.99.png","text":"","text_size":"medium","link":"https:\/\/www.zumimall.com\/products\/wireless-outdoor-security-cameras-with-solar-panel-type-c-q6"}},"image_mq4VMr":{"type":"image","settings":{"image":"shopify:\/\/shop_images\/GX2S_49.99.png","text":"","text_size":"medium","link":"https:\/\/www.zumimall.com\/products\/wireless-battery-camera-gx2s"}},"image_hCrExm":{"type":"image","settings":{"image":"shopify:\/\/shop_images\/P8_59.99.png","text":"","text_size":"medium","link":"https:\/\/www.zumimall.com\/products\/battery-wireless-video-doorbell-with-chime-p8-worldwide-sale"}}},"block_order":["image_PKApXq","image_8DQB7j","image_mq4VMr","image_hCrExm"],"settings":{"container":"container","color_schema":"background-2","heading":"","heading_size":"h2","subheading":"","description":"","button_label":"","button_link":"","button_style":"btn--primary","image_ratio":"adapt","columns":4,"column_gap":"medium","layout":"grid","metro_item_color_schema":"scheme-84ab217c-712a-4036-b616-fd5b1d82560d","enable_slider":false,"show_nav":false,"show_dots":false,"enable_swipe_mobile":false,"padding_top":40,"padding_bottom":40,"custom_id":"","custom_class":"","animations":"inherit"}},"d8a17c2d-b43a-460f-b740-f56e8cc11111":{"type":"collection-list","blocks":{"featured_collection_YEzmQt":{"type":"featured_collection","settings":{"collection":"baby-pet-monitor","image":"shopify:\/\/shop_images\/BK06.png","title":"Baby Monitor"}},"featured_collection_hMj7dB":{"type":"featured_collection","settings":{"collection":"dual-cam","image":"shopify:\/\/shop_images\/GX5K.png","title":"Dual-Lens Cam"}},"featured_collection_N9rbRm":{"type":"featured_collection","settings":{"collection":"4g-lte-cam","image":"shopify:\/\/shop_images\/G1K_4e6c6e8b-8576-4b4b-b0be-c2c475d8b6f4.png","title":"4G LTE Cam"}},"featured_collection_grn4RN":{"type":"featured_collection","settings":{"collection":"doorbell","image":"shopify:\/\/shop_images\/P10_5fd5581b-671e-4b86-8e72-5afadb5f2873.png","title":"Video Doorbell"}},"featured_collection_EitGc4":{"type":"featured_collection","settings":{"collection":"wired-security-cameras","image":"shopify:\/\/shop_images\/BK05-surveillance-camera.jpg","title":"Wired Cams"}},"featured_collection_zVrf74":{"type":"featured_collection","settings":{"collection":"ptz-cameras","image":"shopify:\/\/shop_images\/X2-cameras-zumimall.jpg","title":"PTZ Cams"}},"template--17157701533922__d8a17c2d-b43a-460f-b740-f56e8cc11111-featured_collection-1":{"type":"featured_collection","settings":{"collection":"battery-powered-security-cameras","image":"shopify:\/\/shop_images\/F5-wireless_security_camera_system.jpg","title":"Battery Cams"}},"template--17157701533922__d8a17c2d-b43a-460f-b740-f56e8cc11111-featured_collection-2":{"type":"featured_collection","settings":{"collection":"solar-powered-security-cameras","image":"shopify:\/\/shop_images\/PG1-zumimall-camera.jpg","title":"Solar Cams"}},"template--17157701533922__d8a17c2d-b43a-460f-b740-f56e8cc11111-featured_collection-4":{"type":"featured_collection","settings":{"collection":"package","image":"shopify:\/\/shop_images\/solar-panel-zumimall.jpg","title":""}}},"block_order":["featured_collection_YEzmQt","featured_collection_hMj7dB","featured_collection_N9rbRm","featured_collection_grn4RN","featured_collection_EitGc4","featured_collection_zVrf74","template--17157701533922__d8a17c2d-b43a-460f-b740-f56e8cc11111-featured_collection-1","template--17157701533922__d8a17c2d-b43a-460f-b740-f56e8cc11111-featured_collection-2","template--17157701533922__d8a17c2d-b43a-460f-b740-f56e8cc11111-featured_collection-4"],"custom_css":[".f-grid {--swiper-column-width: 40vw;}",".collection-card__title {text-align: center;}"],"settings":{"container":"container","color_schema":"background-1","header_layout":"vertical","heading":"Collections","heading_size":"h3","description":"","title_font":"body","title_size":"text-base","card_style":"1","text_alignment":"left","text_color":"#000000","image_ratio":"adapt","show_count":false,"inline_count":false,"columns":6,"column_gap":"large","show_all_button_on_top":false,"button_label":"","button_url":"","button_style":"btn--underline","enable_slider":true,"show_dots":true,"show_nav":true,"enable_swipe_mobile":true,"padding_top":0,"padding_bottom":0,"custom_id":"","custom_class":"","animations":"inherit"}},"image_with_text_FVMVJD":{"type":"image-with-text","blocks":{"heading_wgxPXK":{"type":"heading","settings":{"heading":"ZUMIMALL APP-Q6K","heading_size":"h2"}},"subheading_YxzAUV":{"type":"subheading","disabled":true,"settings":{"subheading":"wireless battery wifi solar Camera"}},"text_nUDfxM":{"type":"text","settings":{"text":"<p><strong>100% Wireless Solar Powered<\/strong><\/p><p><strong>Two-Way Talk & Smart Instant Siren<\/strong><\/p><p><strong>2K 3MP Color Night Vision<\/strong><\/p><p><strong>PIR Detection AI Analysis<\/strong><\/p><p><strong>Customize Area & Schedule<\/strong><\/p><p><strong> 7-day Cloud Service & SD Card<\/strong><\/p><p><strong>Multi-Users Sharing<\/strong><\/p>"}},"button_mGEyFL":{"type":"button","settings":{"button_label":"⚡Limited Time Offer","button_link":"shopify:\/\/products\/zumimall-app-battery-security-cameras-q6k","button_style":"btn--underline","button_size":""}}},"block_order":["heading_wgxPXK","subheading_YxzAUV","text_nUDfxM","button_mGEyFL"],"disabled":true,"custom_css":[],"settings":{"container":"container","color_schema":"","image":"shopify:\/\/shop_images\/Q6K_0c6ac43e-935f-44d2-ab22-68e244e15862.jpg","image_width":"50%","show_image_padding":true,"image_position":"left","vertical_alignment":"center","column_gap":"medium","padding_top":40,"padding_bottom":40,"custom_id":"","custom_class":"","animations":"inherit"}},"8dcd04b5-ee44-491f-a8ac-57b0c1fe94d2":{"type":"custom-content","blocks":{"product_list_7wM4LH":{"type":"product_list","disabled":true,"settings":{"product_list":["2k-battery-powered-security-camera-wireless-outdoor-indoor-q6","wireless-outdoor-security-cameras-with-solar-panel-type-c-q6","2k-rechargeable-battery-wireless-security-camera-dg4-type-c","2k-dual-lens-video-battery-doorbell-with-chime-p10","⚡-bfcm-4g-lte-cellular-camera-g4","2k-360-ptz-wireless-security-camera-gx5k","⚡-bfcm-battery-2-4ghz-wifi-security-camera-gx2b","battery-wireless-camera-f5","⚡-bfcm-secend-hand-360-2-4g-wifi-battery-camera-gx2k-复制","🔥new-arrival-360-ptz5mp-solar-security-cameras-a50k","solar-panel-battery-camera-pw1","worldwide-sale-solar-battery-wireless-camera-f5k","🎄-christmas-sale-10x-zoom-dual-lens-camera-pg1","🎄-christmas-sale-zumimall-2-4g-wifi-battery-camera-gx2k","⚡flash-sale-2k-battery-powered-security-camera-outdoor-indoortj-q6c","2-4g-5g-wired-camera-ma3","⚡-bfcm-second-hand-battery-wireless-security-camera-f5","360-ptz-battery-wireless-2-4g-wifi-camera-zs-gx2s","⚡-bfcm-second-hand-solar-panel-batterycamera-mw3","tiejus-2k-wired-ptz-security-camera-gq2","⚡-battery-outdoor-wireless-camera-gx2s-4-cam","⚡-battery-wireless-camera-f5-4-cam","wireless-battery-video-doorbell-p8","wifi-battery-video-doorbell-p8-black-white","zumimall-security-combo-bk05-ptz-camera-q6-outdoor-camera","⚡-bfcm-solar-battery-camera-mw3-4-cam","5g-2-4g-wired-baby-monitor-bk06-1"],"width":"100%","heading":"","heading_size":"h1","description":"","columns":5,"column_gap":"medium","enable_slider":true,"animations":"fade-in-left"}},"countdown_Fx9AKU":{"type":"countdown","disabled":true,"settings":{"width":"100%","alignment":"center","align":"center","time":"2025\/01\/24 20:00","style":"highlight","number_size":"h2","subheading_text":"","heading":"⚡Limited Time Offer","heading_size":"h2","subheading":"","button_label":"","button_link":"","button_style":"btn--primary","block_custom_class":"","animations":"inherit"}},"product_list_W7aEeE":{"type":"product_list","disabled":true,"settings":{"product_list":["5g-2-4g-wired-baby-monitor-bk06-1","⚡zumimall-5g-2-4g-wifi-wired-security-camera-plug-in-power-bk05","wired-2-4ghz-wifi-camera-gq2","wireless-battery-camera-gx2s","limited-time-offer-5g-2-4g-wired-camera-bk05","battery-wifi-security-camera-q6","zumimall-app-battery-security-cameras-q6k","🎄-christmas-sale-zumimall-2-4g-wifi-battery-camera-gx2k","battery-wireless-camera-f5"],"width":"100%","heading":"","heading_size":"h2","description":"","columns":4,"column_gap":"medium","enable_slider":true,"animations":"inherit"}},"product_qeE9yR":{"type":"product","disabled":true,"settings":{"product":"limited-time-offer-5g-2-4g-wired-camera-bk05","pcard_image_ratio":"","show_vendor":false,"heading":"","subheading":"","text":"<p><em><strong>Flash sale<\/strong><\/em><\/p>","width":"25%","alignment":"center","block_custom_class":"","animations":"inherit"}},"product_3EWQnk":{"type":"product","disabled":true,"settings":{"product":"battery-wifi-security-camera-q6","pcard_image_ratio":"","show_vendor":false,"heading":"","subheading":"","text":"<p><em><strong>Flash sale<\/strong><\/em><\/p>","width":"25%","alignment":"center","block_custom_class":"","animations":"inherit"}},"product_MrkRrq":{"type":"product","disabled":true,"settings":{"product":"wireless-battery-camera-gx2s","pcard_image_ratio":"adapt","show_vendor":false,"heading":"","subheading":"","text":"<p><em><strong>Flash sale<\/strong><\/em><\/p>","width":"25%","alignment":"center","block_custom_class":"","animations":"inherit"}},"product_GbbeBi":{"type":"product","disabled":true,"settings":{"product":"zumimall-app-battery-security-cameras-q6k","pcard_image_ratio":"","show_vendor":false,"heading":"","subheading":"","text":"<p><em><strong>Flash sale<\/strong><\/em><\/p>","width":"25%","alignment":"center","block_custom_class":"","animations":"inherit"}},"image_card_fFXyQQ":{"type":"image_card","disabled":true,"settings":{"layout":"layout4","text_color":"#000000","image":"shopify:\/\/shop_images\/G1K.png","image_ratio":"3\/4","image_overlay_opacity":0,"sub_heading":"","heading":"","heading_size":"h2","description":"","button_label":"","button_link":"shopify:\/\/products\/⚡-bfcm-4g-lte-cellular-camera-g4","button_style":"btn--primary","alignment":"center","width":"25%","animations":"inherit"}},"image_card_QdN6Gk":{"type":"image_card","disabled":true,"settings":{"layout":"layout1","text_color":"#000000","image":"shopify:\/\/shop_images\/F5_8abb179e-4164-4e3d-91e1-d102bef47526.png","image_ratio":"3\/4","image_overlay_opacity":0,"sub_heading":"","heading":"","heading_size":"h2","description":"","button_label":"","button_link":"shopify:\/\/products\/⚡-bfcm-second-hand-battery-wireless-security-camera-f5","button_style":"btn--primary","alignment":"center","width":"25%","animations":"inherit"}},"image_card_6ryiLy":{"type":"image_card","disabled":true,"settings":{"layout":"layout1","text_color":"#000000","image":"shopify:\/\/shop_images\/P10.png","image_ratio":"3\/4","image_overlay_opacity":0,"sub_heading":"","heading":"","heading_size":"h2","description":"","button_label":"","button_link":"shopify:\/\/products\/2k-dual-lens-video-battery-doorbell-with-chime-p10","button_style":"btn--primary","alignment":"center","width":"25%","animations":"inherit"}},"image_card_m34UQQ":{"type":"image_card","disabled":true,"settings":{"layout":"layout1","text_color":"#000000","image":"shopify:\/\/shop_images\/X2_a5555edb-86ed-44db-8b35-d0e055620a2f.png","image_ratio":"3\/4","image_overlay_opacity":0,"sub_heading":"","heading":"","heading_size":"h2","description":"","button_label":"","button_link":"shopify:\/\/products\/⚡-bfcm-secend-hand-360-2-4g-wifi-battery-camera-gx2k-复制","button_style":"btn--primary","alignment":"center","width":"25%","animations":"inherit"}},"lookbook_MA3feg":{"type":"lookbook","disabled":true,"settings":{"width":"50%","annotation_color":"light","top_1":9,"left_1":63,"product_1":"","top_2":26,"left_2":50,"product_2":"","top_3":61,"left_3":48,"product_3":"","top_4":0,"left_4":0,"product_4":"","top_5":20,"left_5":0,"product_5":"","block_custom_class":"","animations":"inherit"}},"image_card_WLgCdC":{"type":"image_card","disabled":true,"settings":{"layout":"layout3","text_color":"#151615","image":"shopify:\/\/shop_images\/G1K_b9bd343d-b0e6-4cc6-8c6a-8e6815e6cada.jpg","image_ratio":"adapt","image_overlay_opacity":0,"sub_heading":"","heading":"","heading_size":"h2","description":"","button_label":"","button_link":"shopify:\/\/products\/⚡-bfcm-4g-lte-cellular-camera-g4","button_style":"btn--underline","alignment":"center","width":"50%","animations":"inherit"}},"image_card_CjtbW9":{"type":"image_card","disabled":true,"settings":{"layout":"layout3","text_color":"#000000","image":"shopify:\/\/shop_images\/PG1-solar-panel-zumimall.jpg","image_ratio":"adapt","image_overlay_opacity":0,"sub_heading":"","heading":"","heading_size":"h2","description":"","button_label":"","button_link":"shopify:\/\/products\/tiejus-360-ptz-solar-panel-wireless-outdoor-10x-zoom-dual-lens-security-cameras-pg1","button_style":"btn--underline","alignment":"center","width":"50%","animations":"inherit"}},"image_card_PNmKkt":{"type":"image_card","disabled":true,"settings":{"layout":"layout4","text_color":"#000000","image":"shopify:\/\/shop_images\/DG4K_d051c4ae-278e-471f-970f-166b5fc041c0.jpg","image_ratio":"adapt","image_overlay_opacity":0,"sub_heading":"","heading":"","heading_size":"h2","description":"","button_label":"","button_link":"shopify:\/\/products\/2k-rechargeable-battery-wireless-security-camera-dg4-type-c","button_style":"btn--underline","alignment":"center","width":"25%","animations":"inherit"}},"image_card_BHwzzW":{"type":"image_card","disabled":true,"settings":{"layout":"layout4","text_color":"#000000","image":"shopify:\/\/shop_images\/P10_a9b513ad-1794-46ff-a6be-3a82432a92d5.jpg","image_ratio":"adapt","image_overlay_opacity":0,"sub_heading":"","heading":"","heading_size":"h2","description":"","button_label":"","button_link":"https:\/\/www.zumimall.com\/products\/%F0%9F%94%A52k-dual-lens-video-battery-doorbell-with-chime-p10","button_style":"btn--underline","alignment":"center","width":"25%","animations":"inherit"}},"image_card_e7N7ja":{"type":"image_card","disabled":true,"settings":{"layout":"layout2","text_color":"#000000","image":"shopify:\/\/shop_images\/BK06-1.jpg","image_ratio":"adapt","image_overlay_opacity":0,"sub_heading":"","heading":"","heading_size":"h2","description":"","button_label":"","button_link":"shopify:\/\/products\/5g-2-4g-wired-baby-monitor-bk06-1","button_style":"btn--primary","alignment":"center","width":"25%","animations":"inherit"}},"image_card_LkHyQE":{"type":"image_card","disabled":true,"settings":{"layout":"layout4","text_color":"#000000","image":"shopify:\/\/shop_images\/BK05-zumimall-cameras.jpg","image_ratio":"adapt","image_overlay_opacity":0,"sub_heading":"","heading":"","heading_size":"h2","description":"","button_label":"","button_link":"shopify:\/\/products\/zumimall-bk05-camera-5mp-security-plug-in-wired","button_style":"btn--underline","alignment":"center","width":"25%","animations":"inherit"}}},"block_order":["product_list_7wM4LH","countdown_Fx9AKU","product_list_W7aEeE","product_qeE9yR","product_3EWQnk","product_MrkRrq","product_GbbeBi","image_card_fFXyQQ","image_card_QdN6Gk","image_card_6ryiLy","image_card_m34UQQ","lookbook_MA3feg","image_card_WLgCdC","image_card_CjtbW9","image_card_PNmKkt","image_card_BHwzzW","image_card_e7N7ja","image_card_LkHyQE"],"disabled":true,"custom_css":["@media (max-width: 767px) {[data-block-type=\"image_comparsion\"] {order: -1; }}","@media (prefers-reduced-motion: no-preference) and (hover: hover) and (pointer: fine) {.f-image-hover-effect__zoom {transition: box-shadow cubic-bezier(0.4, 0, 0.2, 1) 0.15s !important; } .f-image-hover-effect__zoom:hover .f-image {transform: none; } .f-image-hover-effect__zoom:hover {box-shadow: 0 10px 20px 0 rgba(0, 0, 0, 0.12); } .f-image-hover-effect__zoom {border-radius: 50px; }}"],"settings":{"container":"container","color_schema":"","heading":"💖HAPPY Women's Day","heading_size":"h3","description":"","column_gap":"small","padding_top":100,"padding_bottom":100,"custom_id":"","custom_class":""}},"0a5d81e6-2ccf-4efe-a828-ed197002987d":{"type":"featured-collection","custom_css":[],"settings":{"container":"container","color_schema":"background-1","header_layout":"horizontal","heading":"🔥Hot Sale","heading_size":"h1","subheading":"","description":"","collection":"independence-day-deal","limit":6,"columns":4,"column_gap":"large","pcard_image_ratio":"","show_vendor":false,"enable_slider":true,"show_nav":true,"show_dots":true,"show_all_button_on_top":true,"button_label":"SHOP ALL PRODUCTS","button_style":"btn--underline","enable_swipe_mobile":true,"padding_top":28,"padding_bottom":0,"custom_id":"","custom_class":"","animations":"inherit"}},"411845a9-a690-4a50-bfe7-162bfbe7ae66":{"type":"collection-tabs","blocks":{"collection_qekdn7":{"type":"collection","settings":{"collection":"","image":"shopify:\/\/shop_images\/24.gif","heading":"Intelligent Monitoring","heading_size":"h4","text":"<p>High-definition surveillance cameras provide clear real-time footage.<\/p>"}},"template--17157701533922__411845a9-a690-4a50-bfe7-162bfbe7ae66-collection-1":{"type":"collection","settings":{"collection":"","image":"shopify:\/\/shop_images\/ef93324a544566cbc9d1189ac5f9e306.gif","heading":"Real-time Alerts","heading_size":"h4","text":"<p>Instant alerts, notifying you of any anomalies immediately.<\/p>"}}},"block_order":["collection_qekdn7","template--17157701533922__411845a9-a690-4a50-bfe7-162bfbe7ae66-collection-1"],"custom_css":[],"settings":{"container":"container","color_schema":"accent","heading":"Personalized solutions tailored to your needs","heading_size":"h2","subheading":"COLLECTION","description":"","image_position":"right","image_ratio":"4\/3","prefix_header":"icon","trigger_behavior":"click","autoplay":true,"autoplay_duration":5,"padding_top":24,"padding_bottom":0,"custom_id":"","custom_class":"","animations":"inherit"}},"c6e1fb38-291e-4467-9610-ef31520c061c":{"type":"video-hero","blocks":{"aa994d33-a227-4579-b769-915d33497faf":{"type":"subtitle","disabled":true,"settings":{"subtitle":"Subheading text"}},"template--17157701533922__c6e1fb38-291e-4467-9610-ef31520c061c-title-1":{"type":"title","disabled":true,"settings":{"title":"Video with text overlay","heading_size":"h-xl"}},"template--17157701533922__c6e1fb38-291e-4467-9610-ef31520c061c-text-1":{"type":"text","disabled":true,"settings":{"text":"<p>Use overlay text to give your customers insight into your brand.<br\/> Select imagery and text that relates to your style and story.<\/p>"}},"template--17157701533922__c6e1fb38-291e-4467-9610-ef31520c061c-button-1":{"type":"button","disabled":true,"settings":{"button_label":"Shop Now","button_link":"","button_style":"btn--white","button_size":"","button_second_label":"","button_second_link":"","button_second_style":"btn--primary","button_second_size":""}}},"block_order":["aa994d33-a227-4579-b769-915d33497faf","template--17157701533922__c6e1fb38-291e-4467-9610-ef31520c061c-title-1","template--17157701533922__c6e1fb38-291e-4467-9610-ef31520c061c-text-1","template--17157701533922__c6e1fb38-291e-4467-9610-ef31520c061c-button-1"],"custom_css":["@media (min-width: 768px) {.f-hero--large {--hero-height: 65rem; }}","@media (max-width: 767px) {.f-hero--large {--hero-height: 60rem; }}"],"settings":{"container":"container","video_type":"shopify","shopify_video":"shopify:\/\/files\/videos\/BK05全天循环-5MP.mp4","video_url":"https:\/\/www.youtube.com\/watch?v=Og6xquEUtmY","image_overlay_opacity":0,"hero_height":"adapt","content_in_container":false,"content_position":"right-bottom","text_alignment":"center","text_color":"#ffffff","show_text_below":false,"text_alignment_mobile":"center","custom_id":"","custom_class":"","animations":"inherit","enable_bg_zoom_effect":true}},"image_comparison_BKE9LE":{"type":"image-comparison","blocks":{"image_BALRPC":{"type":"image","settings":{"image":"shopify:\/\/shop_images\/zumimall-1080p.jpg","heading":"Before","color_scheme":"","heading_plain_text":false}},"image_9TqGC8":{"type":"image","settings":{"image":"shopify:\/\/shop_images\/zumimall-2k.jpg","heading":"After","color_scheme":"","heading_plain_text":false}}},"block_order":["image_BALRPC","image_9TqGC8"],"settings":{"container":"container","color_schema":"","heading":"Before\/after image slider","heading_size":"h2","subheading":"","description":"","layout":"horizontal","image_height":"adapt","padding_top":40,"padding_bottom":40,"custom_id":"","custom_class":""}},"65ac5e18-3ef9-40e4-8c86-05a3a9d4d488":{"type":"scrolling-promotion","blocks":{"cedb30bf-dc45-47e0-9035-1be8ee17f637":{"type":"testimonial","settings":{"text":"<p>\"This smart security camera has been a game-changer for my peace of mind! Knowing I can check in on my home from anywhere makes me feel like I have an extra set of eyes keeping watch.\"<\/p>","author":"Jennifer Appleton","product":"","icon":"5-stars"}},"c24f79a5-c3f9-4f06-a651-e8218364a9be":{"type":"testimonial","settings":{"text":"<p>\"Life feels a bit brighter knowing I can check in on my home with just a tap on my phone. This smart security camera has definitely earned its spot in my daily routine.\"<\/p>","author":"Adrian","product":"","icon":"5-stars"}},"dd9715f1-a636-4977-a14b-9f9955633621":{"type":"testimonial","settings":{"text":"<p>\"Was skeptical at first, but this camera has exceeded my expectations. It's like having a loyal watchdog that never sleeps!\"<\/p>","author":"Chester O.","product":"","icon":"5-stars"}},"ca2be35a-ccbb-4055-8421-a5f36b5b6853":{"type":"testimonial","settings":{"text":"<p>\"Thrilled with the reliability and ease of use of this camera. It's made me feel more connected to my home even when I'm miles away.\"<\/p>","author":"Cathryne Malmstrom","product":"","icon":"5-stars"}},"e25c9ba7-f860-418c-8b8d-cf63e66f0d56":{"type":"testimonial","settings":{"text":"<p>“Cotton top with ruffled sleeves and embroidery.”<\/p>","author":"Jennifer Appleton","product":"","icon":"5-stars"}},"4f5f02ff-1548-4c2a-8909-be51f9a906ef":{"type":"testimonial","settings":{"text":"<p>\"Couldn't be happier with this smart addition to my home. Highly recommend!\"<\/p>","author":"T Wilson","product":"","icon":"5-stars"}},"fc65b61f-536a-47e9-8383-ea2746189c7e":{"type":"testimonial","settings":{"text":"<p>\"Impressed by the simplicity and effectiveness of this smart security solution.\"<\/p>","author":"Brent Rummelt","product":"","icon":"5-stars"}},"201bc93b-6e92-4a4d-8c87-b3708a72d710":{"type":"testimonial","settings":{"text":"<p>\"Couldn't be happier with this smart security camera. It's like having a personal security detail for my home, minus the hefty price tag.\"<\/p>","author":"Ryan Scott","product":"","icon":"5-stars"}},"fbe06ddf-3f96-48ba-a00e-48478c040610":{"type":"testimonial","disabled":true,"settings":{"text":"<p>\"Love how this camera seamlessly fits into my life, offering peace of mind.\"<\/p>","author":"Christa G.","product":"","icon":"none"}},"fce500e2-fc8b-4bf0-8153-9b3ba237b17a":{"type":"testimonial","disabled":true,"settings":{"text":"<p>\"Appreciate the peace of mind this camera brings to my life. It's a simple yet powerful tool for keeping my home safe and secure.\"<\/p>","author":"Christa G.","product":"","icon":"none"}}},"block_order":["cedb30bf-dc45-47e0-9035-1be8ee17f637","c24f79a5-c3f9-4f06-a651-e8218364a9be","dd9715f1-a636-4977-a14b-9f9955633621","ca2be35a-ccbb-4055-8421-a5f36b5b6853","e25c9ba7-f860-418c-8b8d-cf63e66f0d56","4f5f02ff-1548-4c2a-8909-be51f9a906ef","fc65b61f-536a-47e9-8383-ea2746189c7e","201bc93b-6e92-4a4d-8c87-b3708a72d710","fbe06ddf-3f96-48ba-a00e-48478c040610","fce500e2-fc8b-4bf0-8153-9b3ba237b17a"],"settings":{"container":"container-full","color_schema":"accent","heading":"A beloved camcorder for countless people","heading_size":"h2","description":"","alignment":"center","direction":"left","pause_on_hover":true,"speed":0.1,"item_gap":80,"item_gap_mobile":40,"padding_top":100,"padding_bottom":100,"custom_id":"","custom_class":""}},"516f52cc-df09-44a2-b585-06b732ac2790":{"type":"collage-tabs","blocks":{"template--17157701533922__516f52cc-df09-44a2-b585-06b732ac2790-tab-1":{"type":"tab","settings":{"content_color_schema":"background-1","navigation_title":"ZUMIMALL Brand","image":"shopify:\/\/shop_images\/zumimall-cameras_2884bdc2-5d02-4dd3-8887-ef3d177152fd.jpg","heading":"ZUMIMALL  APP","heading_size":"h2","subheading":"","description":"<p>Smart life in one hand No matter when and where,you can use Zumimall App to control your equipment to view various status and information,which is accurate,timely,conventient and reliable.<\/p>","text_alignment":"left","button_label":"","button_link":"shopify:\/\/collections\/zumimall-app","button_style":"btn--primary"}},"7b02900e-fc15-4052-b66f-6857d9a3e8aa":{"type":"tab","settings":{"content_color_schema":"background-1","navigation_title":"TieJus Brand","image":"shopify:\/\/shop_images\/Tiejus_ceb1838a-c244-4751-86d5-948eb6c4c047.png","heading":"O-KAM Pro APP","heading_size":"h2","subheading":"","description":"<p>Experience constant vigilance with our app, stay ahead of the curve with real-time monitoring, ensuring safety and convenience are always at your fingertips.Stay connected to your world with peace of mind. <\/p>","text_alignment":"left","button_label":"","button_link":"","button_style":"btn--primary"}},"f93d0b19-f7c3-4c0c-90ca-bca26656537d":{"type":"tab","disabled":true,"settings":{"content_color_schema":"background-1","navigation_title":"MubiLife","image":"shopify:\/\/shop_images\/Mubilife.jpg","heading":"ANLIFE APP","heading_size":"h2","subheading":"","description":"<p>Your home, your rules, our watchful eye. Real-time monitoring for real peace of mind.No blind spots, no worries.<\/p>","text_alignment":"center","button_label":"","button_link":"shopify:\/\/collections\/mubilife","button_style":"btn--primary"}}},"block_order":["template--17157701533922__516f52cc-df09-44a2-b585-06b732ac2790-tab-1","7b02900e-fc15-4052-b66f-6857d9a3e8aa","f93d0b19-f7c3-4c0c-90ca-bca26656537d"],"settings":{"container":"container-full","color_schema":"background-1","desktop_navigation_alignment":"center","desktop_image_position":"left","desktop_image_width":80,"image_aspect_ratio":"adapt","padding_top":100,"padding_bottom":0,"custom_id":"","custom_class":"","animations":"inherit"}}},"order":["4595571a-cc7f-48db-a0ac-caff45d830ee","gallery_images_aU7h9y","dfd0f530-ae35-4165-8da2-d144403961d1","gallery_images_EDCBPM","d8a17c2d-b43a-460f-b740-f56e8cc11111","image_with_text_FVMVJD","8dcd04b5-ee44-491f-a8ac-57b0c1fe94d2","0a5d81e6-2ccf-4efe-a828-ed197002987d","411845a9-a690-4a50-bfe7-162bfbe7ae66","c6e1fb38-291e-4467-9610-ef31520c061c","image_comparison_BKE9LE","65ac5e18-3ef9-40e4-8c86-05a3a9d4d488","516f52cc-df09-44a2-b585-06b732ac2790"]}