{"sections":{"d048fef5-6c70-4d0e-a47d-7fafdc83d026":{"type":"custom-content","blocks":{"template--16355052552353__d048fef5-6c70-4d0e-a47d-7fafdc83d026-image-1":{"type":"image","settings":{"link":"","width":"50%","alignment":"center","block_custom_class":"","animations":"inherit"}},"template--16355052552353__d048fef5-6c70-4d0e-a47d-7fafdc83d026-text-1":{"type":"text","settings":{"title":"Talk about your brand","heading_size":"h2","subheading":"","text":"<p>Use this text to share information about your brand with your customers. Describe a product, share announcements, or welcome customers to your store.<\/p>","alignment":"center","align_text":"left","button_label":"","button_link":"","button_style":"btn--underline","width":"50%","block_custom_class":"f-custom-text","animations":"inherit"}}},"block_order":["template--16355052552353__d048fef5-6c70-4d0e-a47d-7fafdc83d026-image-1","template--16355052552353__d048fef5-6c70-4d0e-a47d-7fafdc83d026-text-1"],"disabled":true,"custom_css":["@media (min-width: 1024px) {.f-custom-text {padding: 0 8rem; background-color: #f6f3ee; }}"],"settings":{"container":"container","color_schema":"background-1","heading":"","heading_size":"h2","description":"","column_gap":"none","padding_top":100,"padding_bottom":0,"custom_id":"","custom_class":""}},"main":{"type":"main-page","disabled":true,"settings":{}},"form":{"type":"contact-form","blocks":{"8a1d85d7-2430-41e0-bb31-8d20e342d1de":{"type":"name","settings":{"label":"Name","placeholder":"Enter your name","field_width":"full","hide_label":true,"required":false}},"21a662e3-f906-405a-ab49-e293e94acda6":{"type":"email","settings":{"label":"Email","placeholder":"Enter your email","field_width":"full","hide_label":true}},"565061aa-197f-4276-b9da-2c541b1812f9":{"type":"phone","settings":{"label":"Phone number","placeholder":"Enter your phone number","field_width":"full","hide_label":true,"required":false}},"3d980acc-c8a3-45b3-9c2c-69e05bbc14b5":{"type":"message","settings":{"label":"Message","placeholder":"Enter your message","hide_label":true}}},"block_order":["8a1d85d7-2430-41e0-bb31-8d20e342d1de","21a662e3-f906-405a-ab49-e293e94acda6","565061aa-197f-4276-b9da-2c541b1812f9","3d980acc-c8a3-45b3-9c2c-69e05bbc14b5"],"settings":{"container":"container","color_schema":"background-1","heading":"Contact form","heading_size":"h2","description":"","form_design":"design-1","form_width":570,"form_alignment":"center","button_label":"Send","button_style":"btn--primary","padding_top":100,"padding_bottom":100,"custom_id":"","custom_class":"","animations":"inherit"}}},"order":["d048fef5-6c70-4d0e-a47d-7fafdc83d026","main","form"]}