{"sections":{"main":{"type":"main-page","disabled":true,"settings":{}},"16540498779afc678b":{"type":"hero","blocks":{"6c5b032a-0a6b-4a5e-8fd0-28f11a0b20ab":{"type":"subtitle","settings":{"subtitle":"our story"}},"16540498776329c8d1-0":{"type":"title","settings":{"heading_size":"h0"}}},"block_order":["6c5b032a-0a6b-4a5e-8fd0-28f11a0b20ab","16540498776329c8d1-0"],"settings":{"container":"container-full","image_overlay_opacity":0,"hero_height":"adapt","content_in_container":false,"content_position":"center","text_alignment":"center","text_color":"#ffffff","show_text_below":false,"text_alignment_mobile":"center","custom_id":"","custom_class":"","animations":"inherit","enable_bg_zoom_effect":true}},"16540501175e796680":{"type":"rich-text","blocks":{"1654050117f10d5d66-0":{"type":"heading","settings":{"heading_size":"h2"}},"1654050117f10d5d66-1":{"type":"text","settings":{}}},"block_order":["1654050117f10d5d66-0","1654050117f10d5d66-1"],"settings":{"container":"container-narrow","color_schema":"background-1","text_alignment":"center","padding_top":100,"padding_bottom":0,"custom_id":"","custom_class":"","animations":"inherit"}},"8cada7c1-f0b3-48e7-8f44-9ac2bbdf7fe2":{"type":"collage-tabs","blocks":{"template--17157701599458__8cada7c1-f0b3-48e7-8f44-9ac2bbdf7fe2-tab-1":{"type":"tab","settings":{"content_color_schema":"","heading_size":"h2","text_alignment":"left","button_label":"","button_link":"#","button_style":"btn--primary"}},"bf0e39bb-afe7-4aed-96d7-0a79da248101":{"type":"tab","settings":{"content_color_schema":"","heading_size":"h2","text_alignment":"left","button_label":"","button_link":"#","button_style":"btn--primary"}},"ecdcc2e7-dc1a-4dc9-9f6d-519779df0e51":{"type":"tab","settings":{"content_color_schema":"","heading_size":"h2","text_alignment":"left","button_label":"","button_link":"#","button_style":"btn--primary"}}},"block_order":["template--17157701599458__8cada7c1-f0b3-48e7-8f44-9ac2bbdf7fe2-tab-1","bf0e39bb-afe7-4aed-96d7-0a79da248101","ecdcc2e7-dc1a-4dc9-9f6d-519779df0e51"],"settings":{"container":"container","color_schema":"","desktop_navigation_alignment":"center","desktop_image_position":"left","desktop_image_width":50,"image_aspect_ratio":"adapt","padding_top":100,"padding_bottom":0,"custom_id":"","custom_class":"","animations":"inherit"}},"45e4c2ac-12b8-4ed1-a789-75b4dbc9c578":{"type":"multicolumn","blocks":{"template--17157701599458__45e4c2ac-12b8-4ed1-a789-75b4dbc9c578-column-1":{"type":"column","settings":{"heading_size":"h4","button_text":"","button_link":"","button_style":"btn--underline"}},"23738779-93a8-4a1b-aa4a-382808fc8419":{"type":"column","settings":{"heading_size":"h4","button_text":"","button_link":"","button_style":"btn--underline"}},"62b69dd1-a1f1-4028-9f0c-bf65a341a11c":{"type":"column","settings":{"heading_size":"h4","button_text":"","button_link":"","button_style":"btn--underline"}}},"block_order":["template--17157701599458__45e4c2ac-12b8-4ed1-a789-75b4dbc9c578-column-1","23738779-93a8-4a1b-aa4a-382808fc8419","62b69dd1-a1f1-4028-9f0c-bf65a341a11c"],"custom_css":["@media (min-width: 768px) {.multicolumn-card__info, .multicolumn-card__info .rte {margin-top: 2.4rem; }}"],"settings":{"container":"container","color_schema":"","heading":"","heading_size":"h2","description":"","layout":"vertical","text_alignment":"center","image_width":"x-small","columns":3,"column_gap":"extra-large","enable_swipe_mobile":false,"padding_top":100,"padding_bottom":100,"custom_id":"","custom_class":"border-bottom","animations":"inherit"}},"16540503155db15864":{"type":"image-with-text","blocks":{"1654050315a020c10e-0":{"type":"heading","settings":{"heading_size":"h2"}},"1654050315a020c10e-1":{"type":"text","settings":{}}},"block_order":["1654050315a020c10e-0","1654050315a020c10e-1"],"custom_css":["@media (min-width: 768px) {.f-text-blocks > *:last-child {margin-top: 2.4rem; } .f-text-blocks {width: 393px; max-width: 100%; margin-left: auto; margin-right: auto; }}"],"settings":{"container":"container","color_schema":"background-1","image_width":"50%","show_image_padding":true,"image_position":"left","vertical_alignment":"center","column_gap":"none","padding_top":100,"padding_bottom":0,"custom_id":"","custom_class":"","animations":"inherit"}},"16540504704fa88658":{"type":"image-with-text","blocks":{"1654050470051141b0-0":{"type":"heading","settings":{"heading_size":"h2"}},"1654050470051141b0-1":{"type":"text","settings":{}}},"block_order":["1654050470051141b0-0","1654050470051141b0-1"],"custom_css":["@media (min-width: 768px) {.f-text-blocks > *:last-child {margin-top: 2.4rem; } .f-text-blocks {width: 393px; max-width: 100%; margin-left: auto; margin-right: auto; }}"],"settings":{"container":"container","color_schema":"background-1","image_width":"50%","show_image_padding":true,"image_position":"right","vertical_alignment":"center","column_gap":"none","padding_top":100,"padding_bottom":100,"custom_id":"","custom_class":"","animations":"inherit"}},"a16d91be-b626-44c9-8cae-a679dc435c62":{"type":"multicolumn","blocks":{"template--17157701599458__a16d91be-b626-44c9-8cae-a679dc435c62-column-1":{"type":"column","settings":{"heading_size":"h4","button_text":"","button_link":"","button_style":"btn--underline"}},"template--17157701599458__a16d91be-b626-44c9-8cae-a679dc435c62-column-2":{"type":"column","settings":{"heading_size":"h4","button_text":"","button_link":"","button_style":"btn--underline"}},"template--17157701599458__a16d91be-b626-44c9-8cae-a679dc435c62-column-3":{"type":"column","settings":{"heading_size":"h4","button_text":"","button_link":"","button_style":"btn--underline"}}},"block_order":["template--17157701599458__a16d91be-b626-44c9-8cae-a679dc435c62-column-1","template--17157701599458__a16d91be-b626-44c9-8cae-a679dc435c62-column-2","template--17157701599458__a16d91be-b626-44c9-8cae-a679dc435c62-column-3"],"custom_css":[".multicolumn-card__info {margin-top: 24px;}",".f-grid--gap-large {--column-gap: 8rem; --column-gap-mobile: 0.8rem;}"],"settings":{"container":"container","color_schema":"","heading_size":"h2","description":"","layout":"vertical","text_alignment":"left","image_width":"fullwidth","columns":3,"column_gap":"large","enable_swipe_mobile":true,"padding_top":100,"padding_bottom":100,"custom_id":"","custom_class":"border-top","animations":"inherit"}}},"order":["main","16540498779afc678b","16540501175e796680","8cada7c1-f0b3-48e7-8f44-9ac2bbdf7fe2","45e4c2ac-12b8-4ed1-a789-75b4dbc9c578","16540503155db15864","16540504704fa88658","a16d91be-b626-44c9-8cae-a679dc435c62"]}