{"sections":{"main":{"type":"main-page","disabled":true,"settings":{}},"ef8da6cc-8a00-426c-9fa8-95a0a7615727":{"type":"custom-content","blocks":{"template--16360124678305__ef8da6cc-8a00-426c-9fa8-95a0a7615727-text-1":{"type":"text","settings":{"heading_size":"h1","text":"","alignment":"center","align_text":"center","button_label":"","button_link":"","button_style":"btn--primary","width":"100%","block_custom_class":"","animations":"inherit"}},"template--16360124678305__ef8da6cc-8a00-426c-9fa8-95a0a7615727-image-1":{"type":"image","settings":{"link":"","width":"100%","alignment":"center","block_custom_class":"","animations":"inherit"}}},"block_order":["template--16360124678305__ef8da6cc-8a00-426c-9fa8-95a0a7615727-text-1","template--16360124678305__ef8da6cc-8a00-426c-9fa8-95a0a7615727-image-1"],"settings":{"container":"container","color_schema":"","heading":"","heading_size":"h2","description":"","column_gap":"medium","padding_top":24,"padding_bottom":20,"custom_id":"","custom_class":""}},"667c1b48-1229-4411-9100-b2833e094c54":{"type":"rich-text","blocks":{"template--16360124678305__667c1b48-1229-4411-9100-b2833e094c54-heading-1":{"type":"heading","settings":{"heading_size":"h2"}},"template--16360124678305__667c1b48-1229-4411-9100-b2833e094c54-text-1":{"type":"text","settings":{}}},"block_order":["template--16360124678305__667c1b48-1229-4411-9100-b2833e094c54-heading-1","template--16360124678305__667c1b48-1229-4411-9100-b2833e094c54-text-1"],"settings":{"container":"container","color_schema":"","text_alignment":"center","padding_top":100,"padding_bottom":0,"custom_id":"","custom_class":"","animations":"inherit"}},"5c324583-1c57-42dc-9af7-9fae8ff2df72":{"type":"custom-content","blocks":{"template--16360124678305__5c324583-1c57-42dc-9af7-9fae8ff2df72-image-1":{"type":"image","settings":{"link":"","width":"33%","alignment":"center","block_custom_class":"","animations":"inherit"}},"3c26ee6e-d0c1-40bb-80de-feac9c154cd0":{"type":"image","settings":{"link":"","width":"33%","alignment":"center","block_custom_class":"","animations":"inherit"}},"3d36ef7f-c862-434a-83fe-d7fa649d53ae":{"type":"image","settings":{"link":"","width":"33%","alignment":"center","block_custom_class":"","animations":"inherit"}},"659db980-5998-4a5d-b169-49741b13abb4":{"type":"image","settings":{"link":"","width":"66%","alignment":"center","block_custom_class":"","animations":"inherit"}},"a2f1cc5c-acb4-40a2-a287-16f9880b92af":{"type":"image","settings":{"link":"","width":"33%","alignment":"center","block_custom_class":"","animations":"inherit"}}},"block_order":["template--16360124678305__5c324583-1c57-42dc-9af7-9fae8ff2df72-image-1","3c26ee6e-d0c1-40bb-80de-feac9c154cd0","3d36ef7f-c862-434a-83fe-d7fa649d53ae","659db980-5998-4a5d-b169-49741b13abb4","a2f1cc5c-acb4-40a2-a287-16f9880b92af"],"settings":{"container":"container","color_schema":"","heading_size":"h3","description":"","column_gap":"extra-small","padding_top":80,"padding_bottom":20,"custom_id":"","custom_class":""}},"c32af72d-5f4b-4841-a754-52f353c60aac":{"type":"rich-text","blocks":{"1ce60a7f-62ba-410a-b31d-d4d3ba5042e4":{"type":"heading","settings":{"heading_size":"h2"}},"b3c6dfc6-3e5e-417b-b26c-c08fdf0c5065":{"type":"text","settings":{"text":"<p>We believe in considering the impact of the choices we make every day and view those choices as an <br\/>opportunity to better ourselves. Our purpose is to Inspire a Better way of Living by creating conscious<br\/> products that last through time. By marrying innovation with eco-friendly processes, we strive to help shape<br\/> a cleaner, healthier, and more mindful world where human progress is in harmony with the planet's.<\/p>"}}},"block_order":["1ce60a7f-62ba-410a-b31d-d4d3ba5042e4","b3c6dfc6-3e5e-417b-b26c-c08fdf0c5065"],"settings":{"container":"container","color_schema":"","text_alignment":"center","padding_top":100,"padding_bottom":0,"custom_id":"","custom_class":"","animations":"inherit"}},"c9f93ba3-daa8-411a-bbb6-839020ef01ac":{"type":"lookbook","blocks":{"template--16360124678305__c9f93ba3-daa8-411a-bbb6-839020ef01ac-lookbook-1":{"type":"lookbook","settings":{"annotation_color":"light","top_1":36,"left_1":52,"product_1":"amalfi-ruched-hipster-bikini-bottom","top_2":72,"left_2":62,"product_2":"amalfi-crossover-pocket-legging","top_3":64,"left_3":48,"product_3":"","top_4":0,"left_4":0,"product_4":"","top_5":20,"left_5":0,"product_5":""}},"template--16360124678305__c9f93ba3-daa8-411a-bbb6-839020ef01ac-lookbook-2":{"type":"lookbook","settings":{"annotation_color":"light","top_1":45,"left_1":49,"product_1":"aquarius-crisscross-four-way-top","top_2":70,"left_2":66,"product_2":"eucalyptus-crisscross-bra","top_3":61,"left_3":48,"product_3":"","top_4":0,"left_4":0,"product_4":"","top_5":20,"left_5":0,"product_5":""}}},"block_order":["template--16360124678305__c9f93ba3-daa8-411a-bbb6-839020ef01ac-lookbook-1","template--16360124678305__c9f93ba3-daa8-411a-bbb6-839020ef01ac-lookbook-2"],"settings":{"container":"container","color_schema":"","heading":"","heading_size":"h2","description":"","image_aspect_ratio":"3\/4","columns":2,"column_gap":"extra-small","padding_top":80,"padding_bottom":0,"custom_id":"","custom_class":"","animations":"inherit"}},"03f3404d-800d-41c8-860f-849ad9d07479":{"type":"featured-collection","custom_css":[".section__header .btn:not(:hover) {background-color: #fff;}"],"settings":{"container":"container","color_schema":"background-1","header_layout":"vertical","heading_size":"h2","description":"","collection":"all","limit":6,"columns":3,"column_gap":"medium","pcard_image_ratio":"","show_vendor":false,"enable_slider":false,"show_nav":false,"show_dots":false,"show_all_button_on_top":true,"button_style":"btn--secondary","enable_swipe_mobile":false,"padding_top":100,"padding_bottom":100,"custom_id":"","custom_class":"","animations":"inherit"}}},"order":["main","ef8da6cc-8a00-426c-9fa8-95a0a7615727","667c1b48-1229-4411-9100-b2833e094c54","5c324583-1c57-42dc-9af7-9fae8ff2df72","c32af72d-5f4b-4841-a754-52f353c60aac","c9f93ba3-daa8-411a-bbb6-839020ef01ac","03f3404d-800d-41c8-860f-849ad9d07479"]}