{"sections":{"main":{"type":"main-page","disabled":true,"settings":{}},"dc1c66a5-2e2b-4efc-95a3-7dd40a741015":{"type":"rich-text","blocks":{"template--16360062648481__dc1c66a5-2e2b-4efc-95a3-7dd40a741015-heading-1":{"type":"heading","settings":{"heading":"FIND A STORE","heading_size":"h2"}},"template--16360062648481__dc1c66a5-2e2b-4efc-95a3-7dd40a741015-text-1":{"type":"text","settings":{"text":"<p>Have a question or comment? Don't be shy: Reach out and say hi! <br\/>Support hours: Monday-Friday, 7am-3pm<\/p>"}}},"block_order":["template--16360062648481__dc1c66a5-2e2b-4efc-95a3-7dd40a741015-heading-1","template--16360062648481__dc1c66a5-2e2b-4efc-95a3-7dd40a741015-text-1"],"settings":{"container":"container","color_schema":"","text_alignment":"center","padding_top":100,"padding_bottom":60,"custom_id":"","custom_class":"","animations":"inherit"}},"37012b3e-121f-4b5b-bc1c-40aeee522036":{"type":"custom-content","blocks":{"template--16360062648481__37012b3e-121f-4b5b-bc1c-40aeee522036-image-1":{"type":"image","settings":{"width":"66%","alignment":"center","block_custom_class":"","animations":"inherit"}},"template--16360062648481__37012b3e-121f-4b5b-bc1c-40aeee522036-text-1":{"type":"text","settings":{"title":"NEW YORK BOUTIQUE","heading_size":"h2","subheading":"","text":"<p>Address: 4b\/39 James <br\/>St, Fortitude Valley QLD 4006<\/p><p>+391 (0)35 2568<\/p><p>Mon-Sat: 10am-8pm<\/p>","alignment":"center","align_text":"center","button_label":"Contact Us","button_style":"btn--primary","width":"33%","block_custom_class":"","animations":"inherit"}}},"block_order":["template--16360062648481__37012b3e-121f-4b5b-bc1c-40aeee522036-image-1","template--16360062648481__37012b3e-121f-4b5b-bc1c-40aeee522036-text-1"],"custom_css":[],"settings":{"container":"container","color_schema":"","heading":"","heading_size":"h2","description":"","column_gap":"small","padding_top":0,"padding_bottom":0,"custom_id":"","custom_class":""}},"a41eedbd-b4da-403a-9ac3-e1f97c396e88":{"type":"custom-liquid","settings":{"container":"container","color_schema":"","custom_liquid":"<div class=\"border-bottom\"><\/div>","padding_top":92,"padding_bottom":92}},"eea9b9e5-0ee7-45b4-a70a-8ea7054555d1":{"type":"custom-content","blocks":{"0726d824-bfbe-4a95-bd16-a848366914fa":{"type":"image","settings":{"width":"66%","alignment":"center","block_custom_class":"","animations":"inherit"}},"4ab512ba-333d-4a6e-b831-7a3a2a86b9e1":{"type":"text","settings":{"title":"CHICAGO BOUTIQUE","heading_size":"h2","subheading":"","text":"<p>Address: 4b\/39 James <br\/>St, Fortitude Valley QLD 4006<\/p><p>+391 (0)35 2568<\/p><p>Mon-Sat: 10am-8pm<\/p>","alignment":"center","align_text":"center","button_label":"Contact Us","button_style":"btn--primary","width":"33%","block_custom_class":"","animations":"inherit"}}},"block_order":["0726d824-bfbe-4a95-bd16-a848366914fa","4ab512ba-333d-4a6e-b831-7a3a2a86b9e1"],"custom_css":["@media (min-width: 768px) {[data-block-type=\"text\"] {order: -1; }}"],"settings":{"container":"container","color_schema":"","heading":"","heading_size":"h2","description":"","column_gap":"small","padding_top":0,"padding_bottom":0,"custom_id":"","custom_class":""}},"334b39a4-3688-45c1-85a7-31c42552edf0":{"type":"custom-liquid","settings":{"container":"container","color_schema":"","custom_liquid":"<div class=\"border-bottom\"><\/div>","padding_top":92,"padding_bottom":92}},"74c7d662-047b-4a24-87cb-11284eea8af7":{"type":"custom-content","blocks":{"2ccae6b1-a02c-4f8a-854b-591d32824dd1":{"type":"image","settings":{"width":"66%","alignment":"center","block_custom_class":"","animations":"inherit"}},"e8855eed-7b80-4c13-8fe5-4b07e1b6f61b":{"type":"text","settings":{"title":"ANTWERPEN BOUTIQUE","heading_size":"h2","subheading":"","text":"<p>Address: 4b\/39 James <br\/>St, Fortitude Valley QLD 4006<\/p><p>+391 (0)35 2568<\/p><p>Mon-Sat: 10am-8pm<\/p>","alignment":"center","align_text":"center","button_label":"Contact Us","button_style":"btn--primary","width":"33%","block_custom_class":"","animations":"inherit"}}},"block_order":["2ccae6b1-a02c-4f8a-854b-591d32824dd1","e8855eed-7b80-4c13-8fe5-4b07e1b6f61b"],"custom_css":[],"settings":{"container":"container","color_schema":"","heading":"","heading_size":"h2","description":"","column_gap":"small","padding_top":0,"padding_bottom":100,"custom_id":"","custom_class":""}}},"order":["main","dc1c66a5-2e2b-4efc-95a3-7dd40a741015","37012b3e-121f-4b5b-bc1c-40aeee522036","a41eedbd-b4da-403a-9ac3-e1f97c396e88","eea9b9e5-0ee7-45b4-a70a-8ea7054555d1","334b39a4-3688-45c1-85a7-31c42552edf0","74c7d662-047b-4a24-87cb-11284eea8af7"]}