{"sections":{"main":{"type":"main-page","settings":{}},"featured_blog_K49mQ8":{"type":"featured-blog","settings":{"container":"container","color_schema":"","heading":"","heading_size":"h2","subheading":"","description":"","blog":"news","image_aspect_ratio":"adapt","article_heading_size":"h4","show_date":false,"show_excerpt":false,"show_readmore":true,"button_label":"View All","button_style":"btn--primary","limit":6,"column_gap":"medium","enable_slider":false,"show_dots":false,"show_nav":false,"enable_swipe_mobile":false,"padding_top":40,"padding_bottom":40,"custom_id":"","custom_class":"","animations":"inherit"}}},"order":["main","featured_blog_K49mQ8"]}