{"sections":{"main":{"type":"main-page","disabled":true,"settings":{}},"image_with_text_DGLykV":{"type":"image-with-text","blocks":{"subheading_yPp8pk":{"type":"subheading","settings":{"subheading":"Our Story"}},"heading_gdLHxn":{"type":"heading","settings":{"heading":"WE ARE FLAIRY","heading_size":"h1"}},"text_3MEAiy":{"type":"text","settings":{"text":"<p>It’s that time of year again. Colder weather, cozier attire, and finding just about any excuse to get your loved ones together. Whether you’re looking to treat yourself or someone else, we’ve got you covered on all things sustainable for the holidays. End the year knowing you’ve styled yourself or someone else with a slow fashion brand. Here’s a sustainable gift guide that stands out in the pack.<\/p>"}}},"block_order":["subheading_yPp8pk","heading_gdLHxn","text_3MEAiy"],"custom_css":[".container-full {padding: 0;}",".f-grid--gap-none .image-with-text__content {padding: 2rem;}","@media (min-width: 768px) {.f-grid--gap-none .image-with-text__content {padding: 0 10rem; }}"],"settings":{"container":"container-full","color_schema":"accent","image_width":"50%","show_image_padding":true,"image_position":"left","vertical_alignment":"center","column_gap":"none","padding_top":0,"padding_bottom":0,"custom_id":"","custom_class":"","animations":"inherit"}},"45e4c2ac-12b8-4ed1-a789-75b4dbc9c578":{"type":"multicolumn","blocks":{"template--17157701599458__45e4c2ac-12b8-4ed1-a789-75b4dbc9c578-column-1":{"type":"column","settings":{"title":"QUALITY","heading_size":"h4","text":"<p>We embody a steadfast commitment to quality. We believe in offering our customers garments and accessories that are crafted<\/p>","button_text":"","button_link":"","button_style":"btn--underline"}},"23738779-93a8-4a1b-aa4a-382808fc8419":{"type":"column","settings":{"title":"SUSTAINABILITY","heading_size":"h4","text":"<p>We embody a steadfast commitment to quality. We believe in offering our customers garments and accessories that are crafted<\/p>","button_text":"","button_link":"","button_style":"btn--underline"}},"62b69dd1-a1f1-4028-9f0c-bf65a341a11c":{"type":"column","settings":{"title":"INDIVIDUALITY","heading_size":"h4","text":"<p>We embody a steadfast commitment to quality. We believe in offering our customers garments and accessories that are crafted<\/p>","button_text":"","button_link":"","button_style":"btn--underline"}}},"block_order":["template--17157701599458__45e4c2ac-12b8-4ed1-a789-75b4dbc9c578-column-1","23738779-93a8-4a1b-aa4a-382808fc8419","62b69dd1-a1f1-4028-9f0c-bf65a341a11c"],"custom_css":[".multicolumn-card__info,.multicolumn-card__info .rte {margin-top: 2.4rem;}"],"settings":{"container":"container","color_schema":"","heading":"","heading_size":"h2","description":"","layout":"vertical","text_alignment":"center","image_width":"x-small","columns":3,"column_gap":"extra-large","enable_swipe_mobile":false,"padding_top":100,"padding_bottom":100,"custom_id":"","custom_class":"border-bottom","animations":"inherit"}},"16540498779afc678b":{"type":"hero","blocks":{"6c5b032a-0a6b-4a5e-8fd0-28f11a0b20ab":{"type":"subtitle","settings":{"subtitle":"Sustainability"}},"16540498776329c8d1-0":{"type":"title","settings":{"title":"WE BELIEVE IN CONSIDERINGTHE IMPACT OF THE CHOICES WE MAKE EVERY DAY","heading_size":"h1"}}},"block_order":["6c5b032a-0a6b-4a5e-8fd0-28f11a0b20ab","16540498776329c8d1-0"],"settings":{"container":"container-full","image_overlay_opacity":20,"hero_height":"adapt","content_in_container":false,"content_position":"center","text_alignment":"center","text_color":"#ffffff","show_text_below":false,"text_alignment_mobile":"center","custom_id":"","custom_class":"","animations":"inherit","enable_bg_zoom_effect":true}},"73c8e618-10a0-43bf-b1d9-fa6707a4b913":{"type":"scrolling-promotion","blocks":{"74dc4299-fedb-45c6-9455-f3dd358440e7":{"type":"image","settings":{"image_height":24,"image_link":""}},"c31917cb-ef90-4fe6-8c66-6d4f3a7d8874":{"type":"announcement","settings":{"text":"Made From Recycled Materials","text_size":20,"text_link":""}},"26b52c8a-5533-4cee-a9e2-b2cfc3830b8a":{"type":"image","settings":{"image_height":24,"image_link":""}},"8d95b262-4168-4c7f-9457-5897c7935129":{"type":"announcement","settings":{"text":"Ethically Made In Certified Factories","text_size":20,"text_link":""}}},"block_order":["74dc4299-fedb-45c6-9455-f3dd358440e7","c31917cb-ef90-4fe6-8c66-6d4f3a7d8874","26b52c8a-5533-4cee-a9e2-b2cfc3830b8a","8d95b262-4168-4c7f-9457-5897c7935129"],"custom_css":[".f-promotion__item {margin-left: 0;}",".f-promotion__item:nth-child(2n) {margin-right: 40px;}",".f-promotion__item:nth-child(2n + 1) {margin-right: 10px;}","@media (min-width: 768px) {.f-promotion__item:nth-child(2n) {margin-right: 60px; }}"],"settings":{"container":"container-full","color_schema":"","heading":"","heading_size":"h2","description":"","alignment":"center","direction":"left","pause_on_hover":true,"speed":0.3,"item_gap":50,"item_gap_mobile":30,"padding_top":20,"padding_bottom":20,"custom_id":"","custom_class":"border-top border-bottom"}},"16540503155db15864":{"type":"image-with-text","blocks":{"1654050315a020c10e-0":{"type":"heading","settings":{"heading":"RECLAIMED WASTE COTTON FABRIC","heading_size":"h2"}},"1654050315a020c10e-1":{"type":"text","settings":{"text":"<p>We're on a mission to revolutionize lifestyle fashion. Our curated collection seamlessly blends style and purpose, offering garments that enhance your individuality and elevate your lifestyle. With a focus on quality, innovation, and sustainability, we collaborate with visionary designers to bring you thoughtfully crafted pieces that make a statement and align with your values. From versatile essentials to trend-setting styles, our diverse range caters to your unique preferences.<\/p>"}}},"block_order":["1654050315a020c10e-0","1654050315a020c10e-1"],"custom_css":["@media (min-width: 768px) {.f-text-blocks > *:last-child {margin-top: 2.4rem; } .f-text-blocks {width: 100%; max-width: 393px; margin-left: auto; margin-right: auto; }}","@media (max-width: 767px) {.image-with-text__content {margin-top: 3.2rem; } .image-with-text__heading br {display: none; }}"],"settings":{"container":"container","color_schema":"background-1","image_width":"50%","show_image_padding":true,"image_position":"left","vertical_alignment":"center","column_gap":"none","padding_top":100,"padding_bottom":0,"custom_id":"","custom_class":"","animations":"inherit"}},"16540504704fa88658":{"type":"image-with-text","blocks":{"1654050470051141b0-0":{"type":"heading","settings":{"heading":"OUR COMMUNITY<br> & PARTNERS","heading_size":"h2"}},"1654050470051141b0-1":{"type":"text","settings":{"text":"<p>We're on a mission to revolutionize lifestyle fashion. Our curated collection seamlessly blends style and purpose, offering garments that enhance your individuality and elevate your lifestyle. With a focus on quality, innovation, and sustainability, we collaborate with visionary designers to bring you thoughtfully crafted pieces that make a statement and align with your values. From versatile essentials to trend-setting styles, our diverse range caters to your unique preferences.<\/p>"}}},"block_order":["1654050470051141b0-0","1654050470051141b0-1"],"custom_css":["@media (min-width: 768px) {.f-text-blocks > *:last-child {margin-top: 2.4rem; } .f-text-blocks {width: 100%; max-width: 393px; margin-left: auto; margin-right: auto; }}","@media (max-width: 767px) {.image-with-text__content {margin-top: 3.2rem; } .image-with-text__heading br {display: none; }}"],"settings":{"container":"container","color_schema":"background-1","image_width":"50%","show_image_padding":true,"image_position":"right","vertical_alignment":"center","column_gap":"none","padding_top":100,"padding_bottom":0,"custom_id":"","custom_class":"","animations":"inherit"}},"a16d91be-b626-44c9-8cae-a679dc435c62":{"type":"multicolumn","blocks":{"template--17157701599458__a16d91be-b626-44c9-8cae-a679dc435c62-column-1":{"type":"column","settings":{"title":"SELENA GOMEZ","heading_size":"h4","text":"<p>Fresh styles. Fresh colors.The countdown for summer has started.<\/p>","button_text":"","button_link":"","button_style":"btn--underline"}},"template--17157701599458__a16d91be-b626-44c9-8cae-a679dc435c62-column-2":{"type":"column","settings":{"title":"JESSICA JUNG","heading_size":"h4","text":"<p>The brands we feature have all paved the way for sustainability in swimwearconscious she fee<\/p>","button_text":"","button_link":"","button_style":"btn--underline"}},"template--17157701599458__a16d91be-b626-44c9-8cae-a679dc435c62-column-3":{"type":"column","settings":{"title":"HELEN MULLEN","heading_size":"h4","text":"<p>It’s not surprising, considering that we’re a group of eco-conscious, recycling-loving.<\/p>","button_text":"","button_link":"","button_style":"btn--underline"}}},"block_order":["template--17157701599458__a16d91be-b626-44c9-8cae-a679dc435c62-column-1","template--17157701599458__a16d91be-b626-44c9-8cae-a679dc435c62-column-2","template--17157701599458__a16d91be-b626-44c9-8cae-a679dc435c62-column-3"],"custom_css":[".multicolumn-card__info {margin-top: 24px;}",".f-grid--gap-large {--column-gap: 8rem; --column-gap-mobile: 0.8rem;}"],"settings":{"container":"container","color_schema":"","heading":"amazing team","heading_size":"h2","description":"","layout":"vertical","text_alignment":"left","image_width":"fullwidth","columns":3,"column_gap":"large","enable_swipe_mobile":true,"padding_top":100,"padding_bottom":100,"custom_id":"","custom_class":"","animations":"inherit"}}},"order":["main","image_with_text_DGLykV","45e4c2ac-12b8-4ed1-a789-75b4dbc9c578","16540498779afc678b","73c8e618-10a0-43bf-b1d9-fa6707a4b913","16540503155db15864","16540504704fa88658","a16d91be-b626-44c9-8cae-a679dc435c62"]}