{"sections":{"main":{"type":"main-page","settings":{}},"1655868348330b36da":{"type":"collapsible-tabs","blocks":{"c5576edd-2015-4d75-903d-e39cdd209cb2":{"type":"heading","settings":{"text":"Before you place your order"}},"1655868348d34715f4-0":{"type":"content","settings":{"icon":"none","title":"How much does shipping cost?","content":"<p>Shipping costs will vary depending on the shipping destination and the number of items that you purchase. The correct amount of shipping fee will show up at the checkout page.<\/p>","custom_liquid":"","content_page":"","open":false}},"1655868348d34715f4-1":{"type":"content","settings":{"icon":"none","title":"How long will it take to ship my order?","content":"<p>Orders typically arrive within 5-20 business days. Shipping times vary based on the product and destination.<\/p>","custom_liquid":"","content_page":"","open":false}},"9891166a-7648-4555-84e2-cfb0e9832a21":{"type":"content","settings":{"icon":"none","title":"What are the sizing specs of my order?","content":"<p>You can access our sizing guide, which includes all of the sizing information for products <a href=\"\/pages\/product-size-chart\" target=\"_blank\" title=\"Product Size Chart\">here<\/a><\/p>","custom_liquid":"","content_page":"","open":false}},"18680409-0b8f-43b1-97dc-07c8957da9f8":{"type":"content","settings":{"icon":"none","title":"I’m having issues placing an order.","content":"<p>We’re sorry to hear that you’re unable to place an order. Please contact <a href=\"\/pages\/contact\" target=\"_blank\" title=\"Contact\">Customer Service<\/a> and we will work on resolving the issue as quickly as possible<\/p>","custom_liquid":"","content_page":"","open":false}}},"block_order":["c5576edd-2015-4d75-903d-e39cdd209cb2","1655868348d34715f4-0","1655868348d34715f4-1","9891166a-7648-4555-84e2-cfb0e9832a21","18680409-0b8f-43b1-97dc-07c8957da9f8"],"settings":{"container":"container-narrow","heading":"","heading_size":"h2","subheading":"","description":"","padding_top":0,"padding_bottom":40,"custom_id":"","custom_class":""}},"1655868685be8f57c7":{"type":"collapsible-tabs","blocks":{"0cce77ec-5df4-486e-9e71-6730f9658ac3":{"type":"heading","settings":{"text":"Modifying or changing an order"}},"165586868553f84ac1-0":{"type":"content","settings":{"icon":"none","title":"I’d like to modify my order.","content":"<p>Since our orders are custom produced, your order is only eligible to be modified within 02 hours of placing the order. Kindly send us an email at <em>support@zest.com<\/em> with email title: \"<strong>NEED TO CANCEL\/ CHANGE MY ORDER - [YOUR ORDER NUMBER]<\/strong>\"<\/p>","custom_liquid":"","content_page":"","open":false}},"165586868553f84ac1-1":{"type":"content","settings":{"icon":"none","title":"I’d like to cancel my order.","content":"<p>Since our orders are custom produced, your order is only eligible to be modified within 02 hours of placing the order. Kindly send us an email at <em>support@zest.com<\/em> with email title: \"<strong>NEED TO CANCEL\/ CHANGE MY ORDER - [YOUR ORDER NUMBER]<\/strong>\"<\/p>","custom_liquid":"","content_page":"","open":false}},"8bc3ee0a-d360-43f1-925e-7fea2a2fff75":{"type":"content","settings":{"icon":"none","title":"I'd like to return or replace my order","content":"<p>We stand behind our quality and offer a 100% quality guarantee on any items purchased from our store. Please review our <a href=\"\/policies\/refund-policy\" target=\"_blank\" title=\"Refund Policy\">Returns Policy<\/a> for details on how to set up a return.<\/p>","custom_liquid":"","content_page":"","open":false}}},"block_order":["0cce77ec-5df4-486e-9e71-6730f9658ac3","165586868553f84ac1-0","165586868553f84ac1-1","8bc3ee0a-d360-43f1-925e-7fea2a2fff75"],"settings":{"container":"container-narrow","heading":"","heading_size":"h2","subheading":"","description":"","padding_top":40,"padding_bottom":40,"custom_id":"","custom_class":""}},"1655868719a955ed3a":{"type":"collapsible-tabs","blocks":{"8ef46bc2-c7d7-4106-b427-4d2c5d1a0f3d":{"type":"heading","settings":{"text":"Other"}},"1655868718051fe8c7-0":{"type":"content","settings":{"icon":"none","title":"Report a campaign for policy violations.","content":"<p>As a user-generated content platform, we take infringing content concerns seriously and appreciate you taking the time to report a suspected violation. In order to place a formal complaint, please follow the instructions on <a href=\"\/pages\/contact\" target=\"_blank\" title=\"Contact\">this page<\/a><\/p>","custom_liquid":"","content_page":"","open":false}},"1655868718051fe8c7-1":{"type":"content","settings":{"icon":"none","title":"How do I contact customer support?","content":"<p>We are happy to answer any questions you may have. Please contact <a href=\"\/pages\/contact\" target=\"_blank\" title=\"Contact\">Customer Service<\/a> at or contact us via support@zest.com<\/p>","custom_liquid":"","content_page":"","open":false}},"285a8e4b-f24f-4eef-9c7a-d525dc327fe9":{"type":"content","settings":{"icon":"none","title":"About us","content":"<p>At Zest Shop, we believe that personalization is the most powerful way to express your love to the person you honor and your personal characteristics as well. From birthdays and anniversaries to holiday gifts, we're your number one personalization destination where you can find one-of-a-kind products in high quality with unique designs.<\/p><p>Your happiness is our top priority for each and every gift we deliver!<\/p>","custom_liquid":"","content_page":"","open":false}}},"block_order":["8ef46bc2-c7d7-4106-b427-4d2c5d1a0f3d","1655868718051fe8c7-0","1655868718051fe8c7-1","285a8e4b-f24f-4eef-9c7a-d525dc327fe9"],"settings":{"container":"container-narrow","heading":"","heading_size":"h2","subheading":"","description":"","padding_top":40,"padding_bottom":100,"custom_id":"","custom_class":""}}},"order":["main","1655868348330b36da","1655868685be8f57c7","1655868719a955ed3a"]}