{"layout":"password","sections":{"main":{"type":"main-password","blocks":{"9e960bfa-80ed-4080-87c4-c343f042db5d":{"type":"logo","settings":{"logo_max_width":250}},"9d24f51b-399e-41b0-9eba-a7ccb8f56cd7":{"type":"message","settings":{}},"1f8ca6e5-54b3-4ed1-9f17-113a1cd6ca33":{"type":"heading","settings":{"heading":"Opening Soon"}},"781136f9-550d-480b-9522-f3414d4bd32a":{"type":"newsletter","settings":{"newsletter_heading":"Find out when we open","newsletter_subheading":"","newsletter_label":"Enter your email"}},"33e72354-e620-4758-9833-e7cd152fb9b8":{"type":"social","settings":{"social_icons_title":"Spread the word"}},"e7002aed-98c7-44c2-839a-d356243fc477":{"type":"copyright","settings":{}}},"block_order":["9e960bfa-80ed-4080-87c4-c343f042db5d","9d24f51b-399e-41b0-9eba-a7ccb8f56cd7","1f8ca6e5-54b3-4ed1-9f17-113a1cd6ca33","781136f9-550d-480b-9522-f3414d4bd32a","33e72354-e620-4758-9833-e7cd152fb9b8","e7002aed-98c7-44c2-839a-d356243fc477"],"settings":{"show_overlay":false,"full_screen":true}}},"order":["main"]}