{"sections":{"main":{"type":"main-product","blocks":{"text_mfpbKp":{"type":"text","disabled":true,"settings":{"icon":"lightning_bolt","text":"🎉 Get  extra 15% OFF on orders $99+ with code LOVE2025! 🛍️","text_style":"body"}},"text_t3pnqw":{"type":"text","disabled":true,"settings":{"icon":"lightning_bolt","text":"Use code 2025LOVE at checkout to enjoy 15% OFF ! 💝","text_style":"body"}},"text_YcGAfT":{"type":"text","settings":{"icon":"lightning_bolt","text":"🌱Spring Sale","text_style":"body"}},"c67b7c41-4a92-419d-85c6-c970bb43bf2d":{"type":"badge","settings":{}},"title":{"type":"title","settings":{"heading_size":"h3"}},"custom_liquid_dtM67q":{"type":"custom_liquid","settings":{"custom_liquid":"{%- assign productRivyoReview = product.metafields.product_schema -%}\n  {%- assign shopRivyoReview = shop.metafields.rivyo -%}\n  {%- assign shopRivyoReviewSetting = shopRivyoReview.setting.value -%}\n  {%- assign productRivyoRating = productRivyoReview.th_ratingValue | split:'.' | default: '0' -%}\n  {%- assign rivyoRatingSplit0 = productRivyoRating[0] | times: 1 -%}\n  {%- assign rivyoRatingSplit1 = productRivyoRating[1] | default: '00' -%}\n  {%- assign rivyoRatingCeil = productRivyoReview.th_ratingValue | ceil -%}\n  {% assign hide_non_ratting_review = shopRivyoReviewSetting.hide_empty_review | times: 1 %}\n  {% assign is_empty = false %}\n  {% assign isClick = false %}\n  {% if template.name contains  'product' %}\n    {% assign isClick = true %}\n  {% endif %}\n          \n          \n  <div class=\"rivyoReviewWidget {% if isClick %}rivyoWidgetTrigger{% endif %}\" data-rating=\"{{ productRivyoReview.th_ratingValue | default: '00' }}\">\n    <div class=\"rivyoReviewIcon\" style=\"display:flex; gap:3px; line-height: 0; flex-direction: row\">\n      {%- for i in (1..5) -%}\n        {% if i <= rivyoRatingSplit0 %}\n          <div class=\"rivyoReviewRatingIcon\">\n            {{ shopRivyoReviewSetting.rating_icon }}\n          <\/div>\n        {% elsif i == rivyoRatingCeil %}\n          <div class=\"rivyoReviewRatingIcon\" >\n            <span class=\"rivyoReviewEmpty\">\n              {{ shopRivyoReviewSetting.rating_icon }}\n            <\/span>\n            {%- unless rivyoRatingSplit1 == '00'-%}\n              <span class=\"rivyoReviewFill\" style=\"width:{{ rivyoRatingSplit1 }}%\">\n                {{ shopRivyoReviewSetting.rating_icon }}\n              <\/span>\n            {%- endunless -%}\n          <\/div>\n        {% else %}\n          {% if hide_non_ratting_review == 0  or  rivyoRatingSplit0 != 0 %}\n            <div class=\"rivyoReviewRatingIcon\" >\n              <span class=\"rivyoReviewEmpty\">\n                {{ shopRivyoReviewSetting.rating_icon }}\n              <\/span>\n            <\/div>\n          {% else %}\n            {% assign is_empty = true %}\n          {% endif %}\n        {% endif %}\n      {%- endfor -%}\n    <\/div>\n    {% if is_empty != true %}\n      <span class=\"rivyoReviewAverage\">\n        <span class=\"rivyoReviewAverageCount\">\n          {{- productRivyoReview.th_ratingValue | default: 0 | round: 1 }}\n        <\/span>\n        <span class=\"rivyoReviewAverageBracket\">(<\/span>\n          {{- productRivyoReview.th_ratingCount | default: 0 }} {{ shopRivyoReview.average_review_label }}\n        <span class=\"rivyoReviewAverageBracket\">)<\/span>\n      <\/span>\n    {% endif %}\n  <\/div>"}},"price":{"type":"price","settings":{"show_sale_badge":true,"sale_badge_type":"fixed_amount"}},"59ca3415-b1aa-4301-b178-ad6e434ba477":{"type":"inventory_status","settings":{"inventory_threshold":10,"show_as_progress":true,"enable_inventory_transfer":true}},"variant_picker":{"type":"variant_picker","settings":{"picker_type":"button","variant_picker_show_selected":true,"variant_picker_dont_select_the_default_variant":false,"size_title":"Size Chart","size_chart_from_page":"size-chart"}},"quantity_selector":{"type":"quantity_selector","settings":{}},"buy_buttons":{"type":"buy_buttons","settings":{"show_atc_button":true,"show_dynamic_checkout":true,"show_gift_card_recipient":false}},"4813cc96-81ff-4094-bd6a-4bf96eab69e9":{"type":"complementary","disabled":true,"settings":{"block_heading":"BUY IT WITH","make_collapsible_row":true,"icon":"heart","product_list_limit":10,"products_per_page":1,"enable_slider":true,"image_ratio":"adapt","enable_quick_add":true,"enable_quick_view":true,"pcard_show_color_swatch":true}},"2115d0d9-102e-4377-a68b-42b8ed4a4edc":{"type":"shipping","settings":{"deliver_text":"Estimated delivery:","deliver_days":"7","shipping_text":"<p><strong>Free shipping<\/strong> on all orders over $99<\/p>","date_format":"%b %d"}},"0bd176fb-80b2-42ce-ae4e-db8cb55fe024":{"type":"collapsible_tab","disabled":true,"settings":{"icon":"none","heading":"DESCRIPTION","content":"","liquid":"{{ product.description }}","page":"","default_open":false}},"f11043ac-1746-42ad-a36b-91ff4cc9f432":{"type":"collapsible_tab","disabled":true,"settings":{"icon":"none","heading":"APP Download","content":"","liquid":"","page":"app-download","default_open":false}},"e303936e-d82d-4e37-8b83-e227d48fbb3d":{"type":"collapsible_tab","disabled":true,"settings":{"icon":"none","heading":"Collapsible tab","content":"","liquid":"","page":"","default_open":false}},"addons":{"type":"addons","settings":{"show_share":true,"show_ask_question":true}},"essential_countdown_app_block_dxV4zC":{"type":"shopify:\/\/apps\/essential-countdown\/blocks\/app-block\/722378e8-5a70-4eae-aa89-9e44e8e9f6de","disabled":true,"settings":{"id":""}}},"block_order":["text_mfpbKp","text_t3pnqw","text_YcGAfT","c67b7c41-4a92-419d-85c6-c970bb43bf2d","title","custom_liquid_dtM67q","price","59ca3415-b1aa-4301-b178-ad6e434ba477","variant_picker","quantity_selector","buy_buttons","4813cc96-81ff-4094-bd6a-4bf96eab69e9","2115d0d9-102e-4377-a68b-42b8ed4a4edc","0bd176fb-80b2-42ce-ae4e-db8cb55fe024","f11043ac-1746-42ad-a36b-91ff4cc9f432","e303936e-d82d-4e37-8b83-e227d48fbb3d","addons","essential_countdown_app_block_dxV4zC"],"custom_css":[],"settings":{"container":"container","show_breadcrumb":true,"enable_sticky_info":true,"media_layout":"carousel","media_size":"small","mobile_thumbnails":"hide","enable_image_zoom":true,"enable_video_looping":false,"show_featured_media":false}},"custom_liquid_nzaxk9":{"type":"custom-liquid","settings":{"container":"container-fluid","color_schema":"background-1","custom_liquid":"{{ product.description }}","padding_top":12,"padding_bottom":40}},"1716187836cd58673c":{"type":"apps","blocks":{"rivyo_product_reviews_wc_review_section_xkxWNJ":{"type":"shopify:\/\/apps\/rivyo-product-reviews\/blocks\/wc-review-section\/f1860e84-309f-40ca-a2df-188435a622f3","settings":{}},"essential_countdown_app_block_9LcVhU":{"type":"shopify:\/\/apps\/essential-countdown\/blocks\/app-block\/722378e8-5a70-4eae-aa89-9e44e8e9f6de","disabled":true,"settings":{"id":""}}},"block_order":["rivyo_product_reviews_wc_review_section_xkxWNJ","essential_countdown_app_block_9LcVhU"],"settings":{"container":"container","color_schema":"","heading":"","heading_size":"h2","description":"","padding_top":40,"padding_bottom":40}},"73c8e618-10a0-43bf-b1d9-fa6707a4b913":{"type":"scrolling-promotion","blocks":{"c31917cb-ef90-4fe6-8c66-6d4f3a7d8874":{"type":"announcement","disabled":true,"settings":{"text":"Welcome to our store","font_family":"body","text_size":20,"text_link":""}},"2da4e6f8-9236-4511-a4e8-5988d9c6a972":{"type":"announcement","settings":{"text":"Welcome to our store","font_family":"body","text_size":20,"text_link":""}}},"block_order":["c31917cb-ef90-4fe6-8c66-6d4f3a7d8874","2da4e6f8-9236-4511-a4e8-5988d9c6a972"],"disabled":true,"settings":{"container":"container-full","color_schema":"","heading":"","heading_size":"h2","description":"","alignment":"center","direction":"left","pause_on_hover":false,"speed":1,"item_gap":60,"item_gap_mobile":50,"padding_top":20,"padding_bottom":20,"custom_id":"","custom_class":""}},"8996604a-6390-4d3a-934f-c182420f74f1":{"type":"custom-content","blocks":{"template--17157701763298__8996604a-6390-4d3a-934f-c182420f74f1-image-1":{"type":"image","disabled":true,"settings":{"link":"","width":"50%","alignment":"center","block_custom_class":"","animations":"inherit"}},"template--17157701763298__8996604a-6390-4d3a-934f-c182420f74f1-text-1":{"type":"text","disabled":true,"settings":{"title":"Talk about your brand","heading_size":"h2","subheading":"","text":"<p>Use this text to share information about your brand with your customers. Describe a product, share announcements, or welcome customers to your store.<\/p>","alignment":"center","align_text":"left","button_label":"","button_link":"","button_style":"btn--primary","width":"50%","block_custom_class":"","animations":"inherit"}}},"block_order":["template--17157701763298__8996604a-6390-4d3a-934f-c182420f74f1-image-1","template--17157701763298__8996604a-6390-4d3a-934f-c182420f74f1-text-1"],"custom_css":["@media (min-width: 768px) {.f-text-blocks {max-width: 393px; margin: 0 auto; }}"],"settings":{"container":"container","color_schema":"","heading":"","heading_size":"h2","description":"","column_gap":"medium","padding_top":76,"padding_bottom":0,"custom_id":"","custom_class":""}},"product-recommendations":{"type":"product-recommendations","settings":{"container":"container","color_schema":"background-1","remove_params":false,"heading":"You may also like","heading_size":"h2","description":"","limit":4,"columns":4,"column_gap":"medium","enable_slider":true,"show_nav":true,"show_dots":false,"enable_swipe_mobile":true,"padding_top":100,"padding_bottom":100,"animations":"inherit"}}},"order":["main","custom_liquid_nzaxk9","1716187836cd58673c","73c8e618-10a0-43bf-b1d9-fa6707a4b913","8996604a-6390-4d3a-934f-c182420f74f1","product-recommendations"]}