{"type":"footer","name":"t:sections.footer.name","sections":{"footer":{"type":"footer","blocks":{"025c08b7-b131-45af-8214-e5c1828a0c29":{"type":"link_list","settings":{"heading":"Explore","heading_size":"h5","menu":"explore","width":25,"open_default_collapsible_tab":false}},"footer-1":{"type":"link_list","settings":{"heading":"Policies","heading_size":"h6","menu":"policies","width":25,"open_default_collapsible_tab":false}},"text_NfTyYM":{"type":"text","disabled":true,"settings":{"heading":"ABOUT ZUMIMALL","heading_size":"h6","subtext":"<p>ZUMIMALL has been the best selling wireless home outdoor security camera on Amazon for a consecutive 24 months. It's been the top selling mini bullet camera, and Amazons \"Best Choice\" in the security category. <br\/><br\/>Every ZUMIMALL security camera, doorbell, or accessory is manufactured with the top level features and specs in the security camera industry. <\/p>","width":33,"open_default_collapsible_tab":false}},"footer-3":{"type":"newsletter","settings":{"heading":"JOIN US","heading_size":"h4","subheading":"<p>Subscribe for store updates and discounts.<\/p>","description":"<p>By subscribing you agree to the <a href=\"#\">Terms of Use<\/a> & <a href=\"#\">Privacy Policy.<\/a><\/p>","email_placeholder":"Enter your email","hide_label":true,"width":50,"open_default_collapsible_tab":true}},"help_bar_aqRDJF":{"type":"help_bar","settings":{"color_schema":"background-2","heading":"ZUMIMALL Customer Service","working_hours":"(GMT-4 New York Time)9:00am - 5:00pm, Mon to Fri (except holidays)","email":"shopify@zumimall.com","phone":"+347-325-8333(only for ZUMIMALL\/TIEJUS\/Mubilife  Brand)","divider":true,"custom_class":""}}},"block_order":["025c08b7-b131-45af-8214-e5c1828a0c29","footer-1","text_NfTyYM","footer-3","help_bar_aqRDJF"],"custom_css":[".site-footer {border-top: 1px solid var(--color-border);}",".site-footer__newsletter-telephone {margin-top: 2.4rem;}"],"settings":{"container":"container","color_schema":"background-1","show_copyright":true,"enable_follow_on_shop":true,"show_social":true,"enable_country_selector":false,"enable_language_selector":false,"show_payments":true,"bottom_menu":"","animations":"fade-in-up"}},"mobile-sticky-bar":{"type":"mobile-sticky-bar","blocks":{"mobile-sticky-bar-0":{"type":"home","settings":{"text":"Home"}},"mobile-sticky-bar-1":{"type":"products","settings":{"text":"Products","collection":""}},"mobile-sticky-bar-2":{"type":"search","settings":{"text":"Search"}},"mobile-sticky-bar-3":{"type":"cart","settings":{"text":"Cart"}}},"block_order":["mobile-sticky-bar-0","mobile-sticky-bar-1","mobile-sticky-bar-2","mobile-sticky-bar-3"],"settings":{"enable_sticky_bar":true,"show_text":true}},"popup":{"type":"popup","blocks":{"image":{"type":"image","settings":{"image":"shopify:\/\/shop_images\/1_e67fd177-a8c1-406b-a07c-6c766c44fd56.jpg","image_position":"left"}},"popup-0":{"type":"heading","settings":{"heading":"Don't miss out!","text_size":"medium"}},"popup-1":{"type":"text","settings":{"text":"<p><em>New customers receive a 5% discount on products in the All Products collection!<\/em><\/p>"}},"popup-2":{"type":"form","settings":{"design":"design-1","button_label":"Subscribe"}},"button_GD4QGd":{"type":"button","settings":{"button_label":"Shop now","button_link":"shopify:\/\/collections\/security-cameras"}}},"block_order":["image","popup-0","popup-1","popup-2","button_GD4QGd"],"disabled":true,"settings":{"design_mode":true,"enable":true,"show_for_homepage_only":true,"show_for_visitors_only":true,"trigger_open":"exit_intent","repeat_open":"every_day","alignment":"left","width":900,"show_teaser":false,"teaser_button_text":"Newsletter","teaser_popup_bg":"#1138b9","teaser_popup_text":"#ffffff"}},"age-verifier-popup":{"type":"age-verifier-popup","blocks":{"age-vefirifer-popup-1":{"type":"heading","settings":{"heading":"Confirm your age","heading_size":"h1"}},"age-vefirifer-popup-2":{"type":"text","settings":{"text":"<p>Are you 18 years old or older?<\/p>"}},"age-vefirifer-popup-3":{"type":"buttons","settings":{"decline_button":"No, I'm not","approve_button":"Yes, I am"}}},"block_order":["age-vefirifer-popup-1","age-vefirifer-popup-2","age-vefirifer-popup-3"],"disabled":true,"settings":{"design_mode":false,"enable":false,"bg_blur":true,"decline_heading":"Come back when you're older","decline_content":"<p>Sorry, the content of this store can't be seen by a younger audience. Come back when you're older.<\/p>","return_button":"Oops, I entered incorrectly"}}},"order":["footer","mobile-sticky-bar","popup","age-verifier-popup"]}