{"type":"header","name":"t:sections.header.name","sections":{"scrolling-promotion":{"type":"scrolling-promotion","blocks":{"announcement_BL3pr9":{"type":"announcement","settings":{"text":"Worldwide free shipping on orders over <strong>$99<\/strong>","font_family":"body","text_size":30,"text_link":""}},"announcement_F3pEyB":{"type":"announcement","disabled":true,"settings":{"text":"⚠️ZUMIMALL APP logout issue information  , click here.","font_family":"body","text_size":20,"text_link":"https:\/\/www.zumimall.com\/pages\/important-announcement"}},"announcement_DKhxgJ":{"type":"announcement","settings":{"text":"💖Use code LOVE2025 for extra 15% off on orders over $99, today only!","font_family":"body","text_size":30,"text_link":"shopify:\/\/collections\/independence-day-deal"}},"announcement_text":{"type":"announcement","disabled":true,"settings":{"text":"Worldwide free shipping on orders over <strong>$99<\/strong>, $5 off your First order-Code:FIRST ORDER","font_family":"body","text_size":20,"text_link":""}},"announcement_C7kikq":{"type":"announcement","disabled":true,"settings":{"text":"HAPPY Women's Day","font_family":"body","text_size":22,"text_link":"shopify:\/\/collections\/independence-day-deal"}},"announcement_rLeFhb":{"type":"announcement","disabled":true,"settings":{"text":"🔥【Worldwide sales】","font_family":"body","text_size":30,"text_link":""}}},"block_order":["announcement_BL3pr9","announcement_F3pEyB","announcement_DKhxgJ","announcement_text","announcement_C7kikq","announcement_rLeFhb"],"disabled":true,"settings":{"container":"container-full","color_schema":"inverse","heading":"","heading_size":"h3","description":"","alignment":"center","direction":"left","pause_on_hover":true,"speed":0.4,"item_gap":84,"item_gap_mobile":30,"padding_top":8,"padding_bottom":12,"custom_id":"","custom_class":""}},"announcement-bar":{"type":"announcement-bar","blocks":{"announcement_dQxWQK":{"type":"announcement","disabled":true,"settings":{"text":"<p>💖Use code LOVE2025 for extra 15% off on orders over $99, today only!<\/p>","link":"shopify:\/\/collections\/independence-day-deal","homepage_only":true,"hide_on_page":"","show_on_mobile":true,"show_on_tablet":true,"show_on_desktop":true}},"announcement_A6WTQn":{"type":"announcement","settings":{"text":"<p>⏳Limited Time! Free shipping on all orders!<\/p>","link":"shopify:\/\/collections\/security-cameras","homepage_only":true,"hide_on_page":"","show_on_mobile":true,"show_on_tablet":true,"show_on_desktop":true}},"announcement_cwFNgK":{"type":"announcement","disabled":true,"settings":{"text":"<h3>     🎆 NEW Year sale🎆<\/h3>","link":"","homepage_only":true,"hide_on_page":"","show_on_mobile":true,"show_on_tablet":true,"show_on_desktop":true}}},"block_order":["announcement_dQxWQK","announcement_A6WTQn","announcement_cwFNgK"],"settings":{"color_schema":"scheme-efdacb0a-e9cf-430e-8067-015780204983","show_close_button":true,"enable_carousel":true,"autoplay":true,"autorotate_speed":4}},"header":{"type":"header","blocks":{"custom_fAPrUc":{"type":"custom","settings":{"heading":"PRODUCT","container":"inherit","columns":4,"addon_column":30,"color_scheme_1":"","title_1":"","heading_size_1":"h6","description_1":"","button_label_1":"","button_style_1":"btn--primary","content_position_1":"left-top","url_1":"","color_scheme_2":"","title_2":"","heading_size_2":"h6","description_2":"","button_label_2":"","button_style_2":"btn--primary","content_position_2":"left-top","url_2":"","color_scheme_3":"","title_3":"","heading_size_3":"h6","description_3":"","button_label_3":"","button_style_3":"btn--primary","content_position_3":"left-top","url_3":"","color_scheme_4":"","title_4":"","heading_size_4":"h6","description_4":"","button_label_4":"","button_style_4":"btn--primary","content_position_4":"left-top","url_4":"","color_scheme_5":"","title_5":"","heading_size_5":"h6","description_5":"","button_label_5":"","button_style_5":"btn--primary","content_position_5":"left-top","url_5":"","color_scheme_6":"","title_6":"","heading_size_6":"h6","description_6":"","button_label_6":"","button_style_6":"btn--primary","content_position_6":"left-top","url_6":""}},"custom_mXQ77C":{"type":"custom","settings":{"heading":"BRANDS","container":"inherit","columns":3,"addon_column":100,"color_scheme_1":"","image_1":"shopify:\/\/shop_images\/a80feabc9847bb785e1fbd15840bd3bc_f1c29282-d975-432f-bea2-ad6aa03c14f1.jpg","title_1":"","heading_size_1":"h5","description_1":"","button_label_1":"","button_style_1":"btn--primary","content_position_1":"center","url_1":"shopify:\/\/collections\/zumimall","color_scheme_2":"","image_2":"shopify:\/\/shop_images\/lQLPJwc8fQhJWd3NBNjNCqCw6byZHBAk5q8GMIsn_1oRAA_2720_1240.png","title_2":"","heading_size_2":"h6","description_2":"","button_label_2":"","button_style_2":"btn--primary","content_position_2":"left-top","url_2":"shopify:\/\/collections\/tiejus","color_scheme_3":"","image_3":"shopify:\/\/shop_images\/2_c77356d1-e1fd-4336-9b11-304c4c5214bb.jpg","title_3":"","heading_size_3":"h6","description_3":"","button_label_3":"","button_style_3":"btn--primary","content_position_3":"left-top","url_3":"shopify:\/\/collections\/mubilife","color_scheme_4":"","title_4":"","heading_size_4":"h6","description_4":"","button_label_4":"","button_style_4":"btn--primary","content_position_4":"left-top","url_4":"","color_scheme_5":"","title_5":"","heading_size_5":"h6","description_5":"","button_label_5":"","button_style_5":"btn--primary","content_position_5":"left-top","url_5":"","color_scheme_6":"","title_6":"","heading_size_6":"h6","description_6":"","button_label_6":"","button_style_6":"btn--primary","content_position_6":"left-top","url_6":""}},"custom_7djqLH":{"type":"custom","disabled":true,"settings":{"heading":"USED CAM","container":"inherit","columns":3,"addon_column":100,"color_scheme_1":"","image_1":"shopify:\/\/shop_images\/20241008100258.jpg","title_1":"","heading_size_1":"h6","description_1":"","button_label_1":"","button_style_1":"btn--primary","content_position_1":"left-top","url_1":"shopify:\/\/collections\/used-cam-f5","color_scheme_2":"","image_2":"shopify:\/\/shop_images\/20241008100257.jpg","title_2":"","heading_size_2":"h6","description_2":"","button_label_2":"","button_style_2":"btn--primary","content_position_2":"left-top","url_2":"shopify:\/\/collections\/used-cam-f5-1","color_scheme_3":"","image_3":"shopify:\/\/shop_images\/20241008100246.jpg","title_3":"","heading_size_3":"h6","description_3":"","button_label_3":"","button_style_3":"btn--primary","content_position_3":"left-top","url_3":"shopify:\/\/collections\/used-cam-gx2s","color_scheme_4":"","image_4":"shopify:\/\/shop_images\/20241008100244.jpg","title_4":"","heading_size_4":"h6","description_4":"","button_label_4":"","button_style_4":"btn--primary","content_position_4":"left-top","url_4":"shopify:\/\/collections\/used-cam-gx2k","color_scheme_5":"","image_5":"shopify:\/\/shop_images\/20241008101522.jpg","title_5":"","heading_size_5":"h6","description_5":"","button_label_5":"","button_style_5":"btn--primary","content_position_5":"left-top","url_5":"shopify:\/\/collections\/used-cam-p8-p8w","color_scheme_6":"","image_6":"shopify:\/\/shop_images\/20241008101524.jpg","title_6":"","heading_size_6":"h6","description_6":"","button_label_6":"","button_style_6":"btn--primary","content_position_6":"left-top","url_6":"shopify:\/\/collections\/used-cam-bk05-bk05b"}},"custom_BbrLcF":{"type":"custom","disabled":true,"settings":{"heading":"USED CAM","container":"inherit","columns":3,"addon_column":100,"color_scheme_1":"","image_1":"shopify:\/\/shop_images\/20241008100258.jpg","title_1":"","heading_size_1":"h6","description_1":"","button_label_1":"","button_style_1":"btn--primary","content_position_1":"left-top","url_1":"shopify:\/\/collections\/used-cam-f5","color_scheme_2":"","image_2":"shopify:\/\/shop_images\/20241008100257.jpg","title_2":"","heading_size_2":"h6","description_2":"","button_label_2":"","button_style_2":"btn--primary","content_position_2":"left-top","url_2":"shopify:\/\/collections\/used-cam-f5-1","color_scheme_3":"","image_3":"shopify:\/\/shop_images\/20241008100246.jpg","title_3":"","heading_size_3":"h6","description_3":"","button_label_3":"","button_style_3":"btn--primary","content_position_3":"left-top","url_3":"shopify:\/\/collections\/used-cam-gx2s","color_scheme_4":"","image_4":"shopify:\/\/shop_images\/20241008100244.jpg","title_4":"","heading_size_4":"h6","description_4":"","button_label_4":"","button_style_4":"btn--primary","content_position_4":"left-top","url_4":"shopify:\/\/collections\/used-cam-gx2k","color_scheme_5":"","image_5":"shopify:\/\/shop_images\/20241008101522.jpg","title_5":"","heading_size_5":"h6","description_5":"","button_label_5":"","button_style_5":"btn--primary","content_position_5":"left-top","url_5":"shopify:\/\/collections\/used-cam-p8-p8w","color_scheme_6":"","image_6":"shopify:\/\/shop_images\/20241008101524.jpg","title_6":"","heading_size_6":"h6","description_6":"","button_label_6":"","button_style_6":"btn--primary","content_position_6":"left-top","url_6":"shopify:\/\/collections\/used-cam-bk05-bk05b"}},"custom_E97jNm":{"type":"custom","disabled":true,"settings":{"heading":"USED CAM","container":"inherit","columns":4,"addon_column":100,"color_scheme_1":"","image_1":"shopify:\/\/shop_images\/20241008101526.jpg","title_1":"","heading_size_1":"h6","description_1":"","button_label_1":"","button_style_1":"btn--primary","content_position_1":"left-top","url_1":"shopify:\/\/collections\/used-cam-mw3","color_scheme_2":"","image_2":"shopify:\/\/shop_images\/20241008101758.jpg","title_2":"","heading_size_2":"h6","description_2":"","button_label_2":"","button_style_2":"btn--primary","content_position_2":"left-top","url_2":"shopify:\/\/collections\/used-cam-pg1-pw1","color_scheme_3":"","image_3":"shopify:\/\/shop_images\/20241008101759.jpg","title_3":"","heading_size_3":"h6","description_3":"","button_label_3":"","button_style_3":"btn--primary","content_position_3":"left-top","url_3":"shopify:\/\/collections\/used-cam-ma3","color_scheme_4":"","title_4":"","heading_size_4":"h6","description_4":"","button_label_4":"","button_style_4":"btn--primary","content_position_4":"left-top","url_4":"","color_scheme_5":"","title_5":"","heading_size_5":"h6","description_5":"","button_label_5":"","button_style_5":"btn--primary","content_position_5":"left-top","url_5":"","color_scheme_6":"","title_6":"","heading_size_6":"h6","description_6":"","button_label_6":"","button_style_6":"btn--primary","content_position_6":"left-top","url_6":""}}},"block_order":["custom_fAPrUc","custom_mXQ77C","custom_7djqLH","custom_BbrLcF","custom_E97jNm"],"custom_css":[],"settings":{"color_schema":"scheme-84ab217c-712a-4036-b616-fd5b1d82560d","layout":"design-4","container":"container-fluid","sticky_header":true,"transparent_header":false,"logo_width":235,"logo_mobile_width":108,"main_menu":"home","mobile_menu":"","menu_dropdown_color_schema":"background-1","dropdown_menu_trigger":"hover","enable_mega_menu":true,"show_search":true,"show_cart":true,"show_account":true,"show_country_selector":false,"show_language_selector":false,"logo_mobile_position":"center","mobile_show_search":true,"mobile_show_cart":true,"mobile_show_account":true,"mobile_show_social":true}},"scrolling_promotion_RYaahm":{"type":"scrolling-promotion","blocks":{"image_y3ekYR":{"type":"image","settings":{"image_height":120,"image_link":""}},"image_7NWFBp":{"type":"image","settings":{"image_height":120,"image_link":""}},"image_CzWjcC":{"type":"image","settings":{"image_height":120,"image_link":""}},"image_KfEqB8":{"type":"image","settings":{"image_height":120,"image_link":""}}},"block_order":["image_y3ekYR","image_7NWFBp","image_CzWjcC","image_KfEqB8"],"disabled":true,"settings":{"container":"container-full","color_schema":"","heading":"","heading_size":"h2","description":"","alignment":"center","direction":"left","pause_on_hover":false,"speed":1,"item_gap":50,"item_gap_mobile":30,"padding_top":40,"padding_bottom":40,"custom_id":"","custom_class":""}}},"order":["scrolling-promotion","announcement-bar","header","scrolling_promotion_RYaahm"]}