{"current":{"show_scroll_top_button":false,"enable_rtl":true,"language_support_rtl":"ar, he, fa, ur, ps, ku, sd, prs, ug, dv, yi, ha","container_width":1120,"section_header_alignment":"center","section_header_alignment_mobile":"center","page_transition":true,"animations":"none","image_hover_effect":"zoom","color_header_text_transparent":"#ffffff","color_badge_sale":"#c63e2c","color_badge_hot":"#2f53be","color_badge_new":"#1d5904","color_badge_soldout":"#b7b7b7","color_cart_bubble":"#222222","color_overlay_bg":"#222222","color_overlay_alpha":64,"type_body_font":"dm_sans_n5","body_font_weight_bolder":"700","body_scale":100,"type_header_font":"syne_n7","heading_scale":100,"heading_mobile_scale":80,"heading_letter_spacing":0,"heading_uppercase":false,"mega_title_scale":600,"upper_mega_title":false,"subheading_scale":100,"subheading_font":"body","subheading_font_weight":"700","subheading_letter_spacing":2,"subheading_transform":"uppercase","pcard_title_scale":100,"pcard_title_font":"body","pcard_title_font_weight":"700","pcard_upper_title":true,"menu_font":"body","menu_font_weight":"700","upper_navigation":false,"btn_font":"body","btn_font_weight":"700","btn_height":46,"btn_rounded":5,"upper_btn_label":true,"predictive_search_most_searched_keywords":"ZUMIMALL APP","predictive_search_collection":"independence-day-deal","cart_type":"drawer","cart_icon":"shopping-cart","cart_drawer_show_view_cart":true,"enable_drawer_shipping_rates":false,"cart_recommendations_enable":false,"collection_list":["build-a-smarter-and-safer-home","baby-pet-monitor","doorbell"],"show_free_shipping_message":false,"pcard_image_ratio":"adapt","show_video_instead":false,"pcard_show_second_img":true,"pcard_show_color_swatch":true,"pcard_show_vendor":false,"pcard_show_review_badge":true,"pcard_show_cart_button":false,"pcard_show_quickview_button":false,"pcard_show_badge_soldout":true,"pcard_show_sale_badge":true,"pcard_content_alignment":"left","pcard_sale_badge_type":"show_percentage","pcard_choose_options_actions":"open_popup","pcard_mobile_hide_quick_add":false,"pcard_mobile_hide_quick_view":false,"color_swatches_enable":true,"color_swatches_shape":"circle","custom_colors":"Black: #000,\nWhite: #fff,\nRosin: #36362d,\nRustic Brown: #a85502,\nDark Red: #502b33,\nWalnut: #786a5f,\nPurple: #705861,\nBlack: #000000,\nMolten Lava: #b5332e,\nPine Grove: #213631,\nIvy Green: #5b7763,\nMaroon Red: #740f35,\nBuckthorn Brown: #ffdb58,\nDark Blue: #123850,\nBrown: #743500,\nScarab: #23312d,\nLight Brown: #d5b89b,\nArgan: #213631,\nGrey: #dddddd,\nDark Brown: #440004,\nBeige: #e7d8bf,\nDark Orange: #b5520e,\nMuesli: #ddd5bc,\nFudge: #493338,\nCognac: #8b645a,\nPine Green: #21694a,\nDark Coffee: #4a342e,\nRed Wine: #582b36,\nAsh Blue: #d1dfeb,\nLight Oatmeal: #f7efdf,\nDark Indigo: #1f0954,\nBlue Horizon: #8eb3d1,\nFeather Grey: #b8ad9e,\nAsh Blonde: #d7bea5,\nLight Indigo: #93b8cd,\nMedium Indigo: #3953a4,\nDeep Red: #8c2e23","qv_show_quantity_selector":true,"qv_show_dynamic_checkout_button":true,"qv_show_custom_tag":true,"qv_show_sale_badge":true,"qv_sale_badge_type":"fixed_amount","qv_show_soldout_badge":true,"currency_code_enabled":false,"show_cookie_banner":false,"color_primary":"#222222","color_border":"#eeeeee","color_body_text":"#222222","color_heading_text":"#222222","color_secondary_bg":"#f6f6f6","color_field_bg":"#ffffff","color_btn_secondary_text":"#222222","color_btn_bg_hover":"#222222","color_product_price":"#222222","fluid_container_width":1330,"fluid_offset":55,"narrow_container_width":800,"heading_font_size":"h2","section_header_transform":"capitalize","menu_weight":"500","btn_weight":"500","btn_transform":"uppercase","pcard_alignment":"center","pcard_on_sale_badge":"show_text","article_show_excerpt":true,"show_agree_on_product":false,"font_base_size":15,"sections":{"sticky-atc-bar":{"type":"sticky-atc-bar","settings":{"container":"container","show_on_desktop":true,"show_on_mobile":true,"show_atc_button":true,"show_dynamic_checkout_buttons":false,"show_quantity":true}}},"content_for_index":[],"blocks":{"16789939927838974014":{"type":"shopify:\/\/apps\/rivyo-product-reviews\/blocks\/app-embed\/f1860e84-309f-40ca-a2df-188435a622f3","disabled":false,"settings":{}},"15683396631634586217":{"type":"shopify:\/\/apps\/inbox\/blocks\/chat\/841fc607-4181-4ad1-842d-e24d7f8bad6b","disabled":true,"settings":{"button_color":"#000000","secondary_color":"#ffffff","ternary_color":"#6a6a6a","button_icon":"chat_bubble","button_text":"chat_with_us","button_horizontal_position":"bottom_right","button_vertical_position":"lowest","greeting_message":""}},"319724205969189013":{"type":"shopify:\/\/apps\/hulk-form-builder\/blocks\/app-embed\/b6b8dd14-356b-4725-a4ed-77232212b3c3","disabled":false,"settings":{}},"12657775114333427046":{"type":"shopify:\/\/apps\/essential-countdown\/blocks\/app_embed\/722378e8-5a70-4eae-aa89-9e44e8e9f6de","disabled":false,"settings":{}},"10301360418704718919":{"type":"shopify:\/\/apps\/assortion\/blocks\/app-embed\/5588d7f9-a5bc-4f4a-9c54-39b7e081dd23","disabled":false,"settings":{}},"11560147490181472608":{"type":"shopify:\/\/apps\/rivo-loyalty-rewards-referrals\/blocks\/app-embed\/580e9665-b2cd-4dbc-b6ba-6445ac9e6871","disabled":true,"settings":{}},"1804893150726543839":{"type":"shopify:\/\/apps\/nova-multi-currency-converter\/blocks\/app-embed\/a5be3c35-cbd0-46a1-ac3a-1ace57a9c1ce","disabled":true,"settings":{}},"14518425691352670886":{"type":"shopify:\/\/apps\/salesmartly-chat\/blocks\/app-embed\/4bf78eed-749c-492d-93f8-2182f15aa6da","disabled":true,"settings":{}},"21474836472147483647":{"type":"shopify:\/\/apps\/ecomposer-builder\/blocks\/app-embed\/a0fc26e1-7741-4773-8b27-39389b4fb4a0","disabled":false,"settings":{}},"9670189827046205946":{"type":"shopify:\/\/apps\/hextom-translate-and-currency\/blocks\/app-block\/b927a799-be04-4b97-9efb-5c8f0290a68e","disabled":true,"settings":{}}},"color_schemes":{"background-1":{"settings":{"primary_accent":"#222222","border":"#eeeeee","text":"#222222","heading":"#222222","highlight_text":"#e97750","color_main_bg":"#ffffff","color_secondary_bg":"#6bd67a","button":"#222222","button_label":"#ffffff","secondary_button":"#ededed","secondary_button_border":"#ededed","secondary_button_label":"#222222","button_hover":"#000000","button_label_hover":"#ffffff","form_field":"#ffffff","form_field_label":"#222222","price_regular":"#222222","tooltip":"#222222","tooltip_label":"#ffffff"}},"background-2":{"settings":{"primary_accent":"#222222","border":"#eeeeee","text":"#222222","heading":"#222222","highlight_text":"#e97750","color_main_bg":"#ffffff","color_secondary_bg":"#f6f6f6","button":"#222222","button_label":"#ffffff","secondary_button":"#f9ecec","secondary_button_border":"#ededed","secondary_button_label":"#222222","button_hover":"#000000","button_label_hover":"#ffffff","form_field":"#ffffff","form_field_label":"#222222","price_regular":"#222222","tooltip":"#222222","tooltip_label":"#ffffff"}},"inverse":{"settings":{"primary_accent":"#222222","border":"#ffffff","text":"#a02e18","heading":"#ffffff","highlight_text":"#e97750","color_main_bg":"#fbdddd","color_secondary_bg":"#ffb4b6","button":"#ffffff","button_label":"#222222","secondary_button":"#ededed","secondary_button_border":"#ededed","secondary_button_label":"#222222","button_hover":"#f2f2f2","button_label_hover":"#222222","form_field":"#ffffff","form_field_label":"#222222","price_regular":"#ffffff","tooltip":"#ffffff","tooltip_label":"#222222"}},"accent":{"settings":{"primary_accent":"#222222","border":"#ffffff","text":"#ffffff","heading":"#ffffff","highlight_text":"#e97750","color_main_bg":"#222222","color_secondary_bg":"#222222","button":"#ffffff","button_label":"#222222","secondary_button":"#ededed","secondary_button_border":"#ededed","secondary_button_label":"#222222","button_hover":"#ffffff","button_label_hover":"#222222","form_field":"#ffffff","form_field_label":"#222222","price_regular":"#ffffff","tooltip":"#ffffff","tooltip_label":"#222222"}},"scheme-c3c066cc-042f-4ea6-83dd-afe2cd960e0f":{"settings":{"primary_accent":"#222222","border":"#eeeeee","text":"#222222","heading":"#222222","highlight_text":"#e97750","color_main_bg":"#ffffff","color_secondary_bg":"#f0f0f0","button":"#222222","button_label":"#ffffff","secondary_button":"#ededed","secondary_button_border":"#ededed","secondary_button_label":"#222222","button_hover":"#000000","button_label_hover":"#ffffff","form_field":"#ffffff","form_field_label":"#222222","price_regular":"#222222","tooltip":"#222222","tooltip_label":"#ffffff"}},"scheme-4231110d-ef22-4506-a12c-82dd8fa719ab":{"settings":{"primary_accent":"#d11010","border":"#eeeeee","text":"#222222","heading":"#222222","highlight_text":"#e97750","color_main_bg":"#ffffff","color_secondary_bg":"#6bd67a","button":"#222222","button_label":"#ffffff","secondary_button":"#ededed","secondary_button_border":"#ededed","secondary_button_label":"#222222","button_hover":"#000000","button_label_hover":"#ffffff","form_field":"#ffffff","form_field_label":"#222222","price_regular":"#222222","tooltip":"#222222","tooltip_label":"#ffffff"}},"scheme-84ab217c-712a-4036-b616-fd5b1d82560d":{"settings":{"primary_accent":"#222222","border":"#eeeeee","text":"#e7e67b","heading":"#ffffff","highlight_text":"#e97750","color_main_bg":"#400a0a","color_secondary_bg":"#000000","button":"#222222","button_label":"#ffffff","secondary_button":"#ededed","secondary_button_border":"#ededed","secondary_button_label":"#222222","button_hover":"#000000","button_label_hover":"#ffffff","form_field":"#ffffff","form_field_label":"#222222","price_regular":"#222222","tooltip":"#222222","tooltip_label":"#ffffff"}},"scheme-efdacb0a-e9cf-430e-8067-015780204983":{"settings":{"primary_accent":"#f1e8e8","border":"#eeeeee","text":"#ffffff","heading":"#ffffff","highlight_text":"#e97750","color_main_bg":"#5b1b1b","color_secondary_bg":"#6bd67a","button":"#222222","button_label":"#ffffff","secondary_button":"#ededed","secondary_button_border":"#ededed","secondary_button_label":"#222222","button_hover":"#000000","button_label_hover":"#ffffff","form_field":"#ffffff","form_field_label":"#222222","price_regular":"#222222","tooltip":"#222222","tooltip_label":"#ffffff"}}}},"presets":{"Gusto":{"container_width":1440,"section_header_alignment":"center","section_header_alignment_mobile":"center","page_transition":true,"animations":"fade-in-up","color_header_text_transparent":"#fff","color_badge_sale":"#c63e2c","color_badge_hot":"#2f53be","color_badge_new":"#1d5904","color_badge_soldout":"#b7b7b7","color_cart_bubble":"#222222","color_overlay_bg":"#222222","type_body_font":"dm_sans_n5","body_font_weight_bolder":"700","body_scale":100,"type_header_font":"syne_n7","heading_scale":100,"heading_mobile_scale":80,"heading_uppercase":true,"mega_title_scale":600,"subheading_scale":100,"subheading_font":"body","subheading_letter_spacing":1,"subheading_transform":"uppercase","pcard_title_font":"body","pcard_title_font_weight":"700","pcard_upper_title":true,"menu_font":"body","menu_font_weight":"700","upper_navigation":true,"btn_font":"body","btn_font_weight":"700","btn_height":46,"btn_rounded":0,"upper_btn_label":true,"predictive_search_collection":"all","cart_icon":"shopping-bag","cart_drawer_show_view_cart":true,"show_free_shipping_message":true,"pcard_show_second_img":true,"pcard_show_color_swatch":true,"pcard_show_review_badge":false,"pcard_show_badge_soldout":true,"pcard_show_sale_badge":true,"pcard_content_alignment":"left","pcard_sale_badge_type":"show_percentage","pcard_choose_options_actions":"product_page","pcard_mobile_hide_quick_view":true,"color_swatches_enable":true,"color_swatches_shape":"circle","custom_colors":"Black: #000,\nWhite: #fff,\nRosin: #36362d,\nRustic Brown: #a85502,\nDark Red: #502b33,\nDark Grey: #626262,\nWalnut: #786a5f,\nPurple: #705861,\nBlack: #000000,\nMolten Lava: #b5332e,\nPine Grove: #213631,\nIvy Green: #5b7763,\nMaroon Red: #740f35,\nBuckthorn Brown: #ffdb58,\nDark Blue: #123850,\nBrown: #743500,\nScarab: #23312d,\nLight Brown: #d5b89b,\nArgan: #213631,\nGrey: #dddddd,\nDark Brown: #440004,\nBeige: #e7d8bf,\nDark Orange: #b5520e,\nMuesli: #ddd5bc,\nFudge: #493338,\nCognac: #8b645a,\nPine Green: #21694a,\nDark Coffee: #4a342e,\nRed Wine: #582b36,\nAsh Blue: #d1dfeb,\nLight Oatmeal: #f7efdf,\nDark Indigo: #1f0954,\nBlue Horizon: #8eb3d1,\nFeather Grey: #b8ad9e,\nAsh Blonde: #d7bea5,\nLight Indigo: #93b8cd,\nMedium Indigo: #3953a4,\nDeep Red: #8c2e23,\nBlue: #00008B","social_twitter_link":"https:\/\/twitter.com\/shopify","social_facebook_link":"https:\/\/facebook.com\/shopify","social_pinterest_link":"","social_instagram_link":"http:\/\/instagram.com\/shopify","social_youtube_link":"https:\/\/www.youtube.com\/shopify","social_vimeo_link":"https:\/\/pinterest.com\/shopify","social_linkedin_link":"","currency_code_enabled":false,"body_additional_weights":"700","pcard_title_font_size":"text-base","color_primary":"#222222","color_border":"#eeeeee","color_body_text":"#222222","color_heading_text":"#222222","color_secondary_bg":"#f6f6f6","color_field_bg":"#ffffff","color_btn_secondary_text":"#222222","color_btn_bg_hover":"#222222","color_product_price":"#222222","fluid_container_width":1330,"fluid_offset":55,"narrow_container_width":800,"heading_font_size":"h2","section_header_transform":"capitalize","menu_weight":"500","btn_weight":"500","btn_transform":"uppercase","pcard_alignment":"center","pcard_on_sale_badge":"show_text","article_show_excerpt":true,"show_agree_on_product":false,"font_base_size":15,"sections":{"sticky-atc-bar":{"type":"sticky-atc-bar","settings":{"container":"container","show_on_desktop":true,"show_on_mobile":true,"show_atc_button":true,"show_dynamic_checkout_buttons":false,"show_quantity":true}}},"color_schemes":{"background-1":{"settings":{"primary_accent":"#222222","border":"#eeeeee","text":"#222222","heading":"#222222","highlight_text":"#e97750","color_main_bg":"#ffffff","color_secondary_bg":"#f0f0f0","button":"#222222","button_label":"#ffffff","secondary_button":"#ededed","secondary_button_border":"#ededed","secondary_button_label":"#222222","button_hover":"#000000","button_label_hover":"#ffffff","form_field":"#ffffff","form_field_label":"#222222","price_regular":"#222222","tooltip":"#222222","tooltip_label":"#ffffff"}},"background-2":{"settings":{"primary_accent":"#222222","border":"#eeeeee","text":"#222222","heading":"#222222","highlight_text":"#e97750","color_main_bg":"#f0f0f0","color_secondary_bg":"#f6f6f6","button":"#222222","button_label":"#ffffff","secondary_button":"#ededed","secondary_button_border":"#ededed","secondary_button_label":"#222222","button_hover":"#000000","button_label_hover":"#ffffff","form_field":"#ffffff","form_field_label":"#222222","price_regular":"#222222","tooltip":"#222222","tooltip_label":"#ffffff"}},"inverse":{"settings":{"primary_accent":"#222222","border":"#ffffff","text":"#ffffff","heading":"#ffffff","highlight_text":"#e97750","color_main_bg":"#222222","color_secondary_bg":"#111111","button":"#ffffff","button_label":"#222222","secondary_button":"#ededed","secondary_button_border":"#ededed","secondary_button_label":"#222222","button_hover":"#f2f2f2","button_label_hover":"#222222","form_field":"#ffffff","form_field_label":"#222222","price_regular":"#ffffff","tooltip":"#ffffff","tooltip_label":"#222222"}},"accent":{"settings":{"primary_accent":"#222222","border":"#ffffff","text":"#ffffff","heading":"#ffffff","highlight_text":"#e97750","color_main_bg":"#222222","color_secondary_bg":"#222222","button":"#ffffff","button_label":"#222222","secondary_button":"#ededed","secondary_button_border":"#ededed","secondary_button_label":"#222222","button_hover":"#ffffff","button_label_hover":"#222222","form_field":"#ffffff","form_field_label":"#222222","price_regular":"#ffffff","tooltip":"#ffffff","tooltip_label":"#222222"}},"scheme-bc4a096f-47f9-4141-9ef7-6cfa59db2227":{"settings":{"primary_accent":"#ffffff","border":"#ededed","text":"#ffffff","heading":"#ffffff","highlight_text":"#e97750","color_main_bg":"#444444","color_secondary_bg":"#f6f3ee","button":"#ffffff","button_label":"#444444","secondary_button":"#ededed","secondary_button_border":"#ededed","secondary_button_label":"#444444","button_hover":"#000000","button_label_hover":"#ffffff","form_field":"#ffffff","form_field_label":"#444444","price_regular":"#444444","tooltip":"#444444","tooltip_label":"#ffffff"}},"scheme-6c3cb7bc-c3b2-44a7-8b61-25c7547e8185":{"settings":{"primary_accent":"#444444","border":"#ededed","text":"#444444","heading":"#444444","highlight_text":"#e97750","color_main_bg":"#d4e4eb","color_secondary_bg":"#f6f3ee","button":"#444444","button_label":"#ffffff","secondary_button":"#ededed","secondary_button_border":"#ededed","secondary_button_label":"#444444","button_hover":"#000000","button_label_hover":"#ffffff","form_field":"#ffffff","form_field_label":"#444444","price_regular":"#444444","tooltip":"#444444","tooltip_label":"#ffffff"}},"scheme-cd86e7e6-de2f-48b8-a41b-9e9c750ce36e":{"settings":{"primary_accent":"#444444","border":"#ededed","text":"#444444","heading":"#444444","highlight_text":"#e97750","color_main_bg":"#ede1da","color_secondary_bg":"#ffffff","button":"#444444","button_label":"#ffffff","secondary_button":"#ededed","secondary_button_border":"#ededed","secondary_button_label":"#444444","button_hover":"#000000","button_label_hover":"#ffffff","form_field":"#ffffff","form_field_label":"#444444","price_regular":"#444444","tooltip":"#444444","tooltip_label":"#ffffff"}},"scheme-2decda75-2865-45aa-b5b2-b786ea87004a":{"settings":{"primary_accent":"#444444","border":"#ededed","text":"#444444","heading":"#444444","highlight_text":"#e97750","color_main_bg":"#c5d3d1","color_secondary_bg":"#f6f3ee","button":"#444444","button_label":"#ffffff","secondary_button":"#ededed","secondary_button_border":"#ededed","secondary_button_label":"#444444","button_hover":"#000000","button_label_hover":"#ffffff","form_field":"#ffffff","form_field_label":"#444444","price_regular":"#444444","tooltip":"#444444","tooltip_label":"#ffffff"}},"scheme-fcaebfc7-5916-4b13-b092-c835c69b831f":{"settings":{"primary_accent":"#ffffff","border":"#ffffff","text":"#ffffff","heading":"#ffffff","highlight_text":"#e97750","color_main_bg":"#8b4028","color_secondary_bg":"#f6f3ee","button":"#ffffff","button_label":"#333333","secondary_button":"#ededed","secondary_button_border":"#ededed","secondary_button_label":"#333333","button_hover":"#000000","button_label_hover":"#ffffff","form_field":"#ffffff","form_field_label":"#333333","price_regular":"#333333","tooltip":"#333333","tooltip_label":"#ffffff"}}}},"Flairy":{"container_width":1580,"section_header_alignment":"center","section_header_alignment_mobile":"center","page_transition":true,"animations":"fade-in-up","color_header_text_transparent":"#222222","color_badge_sale":"#b0573b","color_badge_hot":"#716ac5","color_badge_new":"#5f9585","color_badge_soldout":"#b7b7b7","color_cart_bubble":"#333333","color_overlay_bg":"#333333","type_body_font":"neue_haas_unica_n4","body_scale":100,"type_header_font":"tenor_sans_n4","heading_scale":100,"heading_mobile_scale":80,"heading_uppercase":true,"mega_title_scale":520,"upper_mega_title":true,"subheading_scale":120,"subheading_font":"heading","subheading_font_weight":"400","subheading_transform":"none","pcard_title_font":"body","pcard_title_font_weight":"500","menu_font":"body","upper_navigation":false,"btn_font":"body","btn_height":46,"btn_rounded":0,"upper_btn_label":false,"predictive_search_collection":"all","cart_icon":"shopping-bag","show_free_shipping_message":true,"pcard_image_ratio":"adapt","show_video_instead":true,"pcard_show_second_img":true,"pcard_show_color_swatch":true,"pcard_show_review_badge":false,"pcard_show_quickview_button":false,"pcard_show_badge_soldout":true,"pcard_show_sale_badge":false,"pcard_content_alignment":"left","pcard_sale_badge_type":"show_percentage","pcard_choose_options_actions":"open_popup","pcard_mobile_hide_quick_add":false,"pcard_mobile_hide_quick_view":true,"color_swatches_enable":true,"custom_colors":"Black: #000,\nWhite: #fff,\nRosin: #36362d,\nRustic Brown: #a85502,\nDark Red: #502b33,\nWalnut: #786a5f,\nPurple: #705861,\nBlack: #000000,\nMolten Lava: #b5332e,\nPine Grove: #213631,\nIvy Green: #5b7763,\nMaroon Red: #740f35,\nBuckthorn Brown: #ffdb58,\nDark Blue: #123850,\nBrown: #743500,\nScarab: #23312d,\nLight Brown: #d5b89b,\nArgan: #213631,\nGrey: #dddddd,\nDark Brown: #440004,\nBeige: #e7d8bf,\nDark Orange: #b5520e,\nMuesli: #ddd5bc,\nFudge: #493338,\nCognac: #8b645a,\nPine Green: #21694a,\nDark Coffee: #4a342e,\nRed Wine: #582b36,\nAsh Blue: #d1dfeb,\nLight Oatmeal: #f7efdf,\nDark Indigo: #1f0954,\nBlue Horizon: #8eb3d1,\nFeather Grey: #b8ad9e,\nAsh Blonde: #d7bea5,\nLight Indigo: #93b8cd,\nMedium Indigo: #3953a4,\nDeep Red: #8c2e23,\nOnyx: #000000,\nAmalfi: #e1a8c5,\nAquaAura: #76a9e7,\nAquarius: #B9BEC6,\nFauna: #a9ca9f,\nOrange: #f16f29,\nYellow: #f0a202,\nChai: #502821,\nAlpine: #dfdbe1,\nNavy: #09089a,\nZephyr: #cdcace,\nEucalyptus: #9f8b51,\nLineage: #6c6257,\nJuniper: #8a99c9,\nTurmeric: #a24314,\nHarmony: #ece5e8,\nRaina: #363238,\nGreen: #01933d,\nPurple: #b94cdb,\nRed: #a20821,\nBlue: #00acf2,\nLuna: #000000,\nNoor: #c79f67,\nReverie: #545371,\nSummit: #332d33,\nThyme: #323735","social_twitter_link":"https:\/\/twitter.com\/shopify","social_facebook_link":"https:\/\/facebook.com\/shopify","social_pinterest_link":"","social_instagram_link":"https:\/\/www.instagram.com\/shopify","social_youtube_link":"https:\/\/www.youtube.com\/shopify","social_vimeo_link":"https:\/\/vimeo.com\/shopify","currency_code_enabled":false,"body_additional_weights":"500","color_primary":"#222222","color_border":"#eeeeee","color_body_text":"#222222","color_heading_text":"#222222","color_secondary_bg":"#f6f6f6","color_field_bg":"#ffffff","color_btn_secondary_text":"#222222","color_btn_bg_hover":"#222222","color_product_price":"#222222","fluid_container_width":1330,"fluid_offset":55,"narrow_container_width":800,"heading_font_size":"h2","section_header_transform":"capitalize","menu_weight":"500","btn_weight":"500","btn_transform":"uppercase","pcard_alignment":"center","pcard_on_sale_badge":"show_text","article_show_excerpt":true,"show_agree_on_product":false,"font_base_size":15,"sections":{"sticky-atc-bar":{"type":"sticky-atc-bar","settings":{"container":"container","show_on_desktop":true,"show_on_mobile":true,"show_atc_button":true,"show_dynamic_checkout_buttons":false,"show_quantity":true}}},"content_for_index":[],"color_schemes":{"background-1":{"settings":{"primary_accent":"#333333","border":"#ededed","text":"#333333","heading":"#333333","highlight_text":"#e97750","color_main_bg":"#ffffff","color_secondary_bg":"#f3f2f2","button":"#333333","button_label":"#ffffff","secondary_button":"#ededed","secondary_button_border":"#ededed","secondary_button_label":"#333333","button_hover":"#000000","button_label_hover":"#ffffff","form_field":"#ffffff","form_field_label":"#333333","price_regular":"#333333","tooltip":"#333333","tooltip_label":"#ffffff"}},"background-2":{"settings":{"primary_accent":"#222222","border":"#eeeeee","text":"#222222","heading":"#222222","highlight_text":"#e97750","color_main_bg":"#f3f2f2","color_secondary_bg":"#f6f6f6","button":"#222222","button_label":"#ffffff","secondary_button":"#ededed","secondary_button_border":"#ededed","secondary_button_label":"#222222","button_hover":"#222222","button_label_hover":"#ffffff","form_field":"#ffffff","form_field_label":"#222222","price_regular":"#222222","tooltip":"#222222","tooltip_label":"#ffffff"}},"inverse":{"settings":{"primary_accent":"#333333","border":"#eeeeee","text":"#333333","heading":"#333333","highlight_text":"#e97750","color_main_bg":"#f5fabb","color_secondary_bg":"#5f9585","button":"#333333","button_label":"#ffffff","secondary_button":"#ededed","secondary_button_border":"#ededed","secondary_button_label":"#444444","button_hover":"#000000","button_label_hover":"#ffffff","form_field":"#ffffff","form_field_label":"#444444","price_regular":"#ffffff","tooltip":"#ffffff","tooltip_label":"#444444"}},"accent":{"settings":{"primary_accent":"#444444","border":"#ededed","text":"#444444","heading":"#444444","highlight_text":"#e97750","color_main_bg":"#f6f3ee","color_secondary_bg":"#f6f3ee","button":"#444444","button_label":"#ffffff","secondary_button":"#ededed","secondary_button_border":"#ededed","secondary_button_label":"#444444","button_hover":"#000000","button_label_hover":"#ffffff","form_field":"#ffffff","form_field_label":"#444444","price_regular":"#444444","tooltip":"#ffffff","tooltip_label":"#444444"}},"scheme-bc4a096f-47f9-4141-9ef7-6cfa59db2227":{"settings":{"primary_accent":"#ffffff","border":"#ededed","text":"#ffffff","heading":"#ffffff","highlight_text":"#e97750","color_main_bg":"#444444","color_secondary_bg":"#f6f3ee","button":"#ffffff","button_label":"#444444","secondary_button":"#ededed","secondary_button_border":"#ededed","secondary_button_label":"#444444","button_hover":"#000000","button_label_hover":"#ffffff","form_field":"#ffffff","form_field_label":"#444444","price_regular":"#444444","tooltip":"#444444","tooltip_label":"#ffffff"}},"scheme-6c3cb7bc-c3b2-44a7-8b61-25c7547e8185":{"settings":{"primary_accent":"#444444","border":"#ededed","text":"#444444","heading":"#444444","highlight_text":"#e97750","color_main_bg":"#d4e4eb","color_secondary_bg":"#f6f3ee","button":"#444444","button_label":"#ffffff","secondary_button":"#ededed","secondary_button_border":"#ededed","secondary_button_label":"#444444","button_hover":"#000000","button_label_hover":"#ffffff","form_field":"#ffffff","form_field_label":"#444444","price_regular":"#444444","tooltip":"#444444","tooltip_label":"#ffffff"}},"scheme-cd86e7e6-de2f-48b8-a41b-9e9c750ce36e":{"settings":{"primary_accent":"#444444","border":"#ededed","text":"#444444","heading":"#444444","highlight_text":"#e97750","color_main_bg":"#ede1da","color_secondary_bg":"#ffffff","button":"#444444","button_label":"#ffffff","secondary_button":"#ededed","secondary_button_border":"#ededed","secondary_button_label":"#444444","button_hover":"#000000","button_label_hover":"#ffffff","form_field":"#ffffff","form_field_label":"#444444","price_regular":"#444444","tooltip":"#444444","tooltip_label":"#ffffff"}},"scheme-2decda75-2865-45aa-b5b2-b786ea87004a":{"settings":{"primary_accent":"#444444","border":"#ededed","text":"#444444","heading":"#444444","highlight_text":"#e97750","color_main_bg":"#c5d3d1","color_secondary_bg":"#f6f3ee","button":"#444444","button_label":"#ffffff","secondary_button":"#ededed","secondary_button_border":"#ededed","secondary_button_label":"#444444","button_hover":"#000000","button_label_hover":"#ffffff","form_field":"#ffffff","form_field_label":"#444444","price_regular":"#444444","tooltip":"#444444","tooltip_label":"#ffffff"}},"scheme-fcaebfc7-5916-4b13-b092-c835c69b831f":{"settings":{"primary_accent":"#ffffff","border":"#ffffff","text":"#ffffff","heading":"#ffffff","highlight_text":"#e97750","color_main_bg":"#8b4028","color_secondary_bg":"#f6f3ee","button":"#ffffff","button_label":"#333333","secondary_button":"#ededed","secondary_button_border":"#ededed","secondary_button_label":"#333333","button_hover":"#000000","button_label_hover":"#ffffff","form_field":"#ffffff","form_field_label":"#333333","price_regular":"#333333","tooltip":"#333333","tooltip_label":"#ffffff"}}}},"Laura":{"container_width":1580,"section_header_alignment":"center","section_header_alignment_mobile":"center","page_transition":true,"animations":"fade-in-up","color_header_text_transparent":"#fff","color_badge_sale":"#ec635e","color_badge_hot":"#67082a","color_badge_new":"#82a0ee","color_badge_soldout":"#b7b7b7","color_cart_bubble":"#ecddd4","color_overlay_bg":"#444444","type_body_font":"neue_haas_unica_n4","body_scale":100,"type_header_font":"optima_nova_n5","heading_scale":100,"heading_mobile_scale":80,"heading_uppercase":false,"mega_title_scale":600,"upper_mega_title":false,"subheading_scale":110,"subheading_font":"heading","subheading_font_weight":"400","subheading_letter_spacing":2,"subheading_transform":"uppercase","pcard_title_scale":100,"pcard_title_font":"heading","pcard_title_font_weight":"500","menu_font":"body","upper_navigation":true,"btn_font":"body","btn_height":46,"btn_rounded":0,"upper_btn_label":true,"predictive_search_collection":"all","cart_icon":"shopping-bag","enable_drawer_shipping_rates":false,"show_free_shipping_message":true,"pcard_image_ratio":"adapt","show_video_instead":true,"pcard_show_second_img":true,"pcard_show_color_swatch":true,"pcard_show_review_badge":false,"pcard_show_quickview_button":false,"pcard_show_badge_soldout":true,"pcard_show_sale_badge":false,"pcard_content_alignment":"left","pcard_sale_badge_type":"show_percentage","pcard_choose_options_actions":"open_popup","pcard_mobile_hide_quick_add":false,"pcard_mobile_hide_quick_view":true,"color_swatches_enable":true,"color_swatches_trigger":"Color,Colour,Couleur,Farbe,Metal color","custom_colors":"Black: #000,\nWhite: #fff,\nRosin: #36362d,\nRustic Brown: #a85502,\nDark Red: #502b33,\nWalnut: #786a5f,\nPurple: #705861,\nBlack: #000000,\nMolten Lava: #b5332e,\nPine Grove: #213631,\nIvy Green: #5b7763,\nMaroon Red: #740f35,\nBuckthorn Brown: #ffdb58,\nDark Blue: #123850,\nBrown: #743500,\nScarab: #23312d,\nLight Brown: #d5b89b,\nArgan: #213631,\nGrey: #dddddd,\nDark Brown: #440004,\nBeige: #e7d8bf,\nDark Orange: #b5520e,\nMuesli: #ddd5bc,\nFudge: #493338,\nCognac: #8b645a,\nPine Green: #21694a,\nDark Coffee: #4a342e,\nRed Wine: #582b36,\nAsh Blue: #d1dfeb,\nLight Oatmeal: #f7efdf,\nDark Indigo: #1f0954,\nBlue Horizon: #8eb3d1,\nFeather Grey: #b8ad9e,\nAsh Blonde: #d7bea5,\nLight Indigo: #93b8cd,\nMedium Indigo: #3953a4,\nDeep Red: #8c2e23,\nOnyx: #000000,\nAmalfi: #e1a8c5,\nAquaAura: #76a9e7,\nAquarius: #B9BEC6,\nFauna: #a9ca9f,\nOrange: #f16f29,\nYellow: #f0a202,\nChai: #502821,\nAlpine: #dfdbe1,\nNavy: #09089a,\nZephyr: #cdcace,\nEucalyptus: #9f8b51,\nLineage: #6c6257,\nJuniper: #8a99c9,\nTurmeric: #a24314,\nHarmony: #ece5e8,\nRaina: #363238,\nGreen: #01933d,\nPurple: #b94cdb,\nRed: #a20821,\nBlue: #00acf2,\nLuna: #000000,\nNoor: #c79f67,\nReverie: #545371,\nSummit: #332d33,\nThyme: #323735,\nGold: #F2CB91,\nSilver: #F5EFEF","qv_show_quantity_selector":false,"qv_show_dynamic_checkout_button":false,"qv_show_sale_badge":false,"qv_show_soldout_badge":false,"social_twitter_link":"https:\/\/twitter.com\/shopify","social_facebook_link":"https:\/\/facebook.com\/shopify","social_pinterest_link":"","social_instagram_link":"https:\/\/facebook.com\/shopify","social_youtube_link":"https:\/\/www.youtube.com\/shopify","social_vimeo_link":"https:\/\/vimeo.com\/shopify","currency_code_enabled":false,"body_additional_weights":"500","color_primary":"#222222","color_border":"#eeeeee","color_body_text":"#222222","color_heading_text":"#222222","color_secondary_bg":"#f6f6f6","color_field_bg":"#ffffff","color_btn_secondary_text":"#222222","color_btn_bg_hover":"#222222","color_product_price":"#222222","fluid_container_width":1330,"fluid_offset":55,"narrow_container_width":800,"heading_font_size":"h2","section_header_transform":"capitalize","menu_weight":"500","btn_weight":"500","btn_transform":"uppercase","pcard_alignment":"center","pcard_on_sale_badge":"show_text","article_show_excerpt":true,"show_agree_on_product":false,"font_base_size":15,"sections":{"sticky-atc-bar":{"type":"sticky-atc-bar","settings":{"container":"container","show_on_desktop":true,"show_on_mobile":true,"show_atc_button":true,"show_dynamic_checkout_buttons":false,"show_quantity":true}}},"color_schemes":{"background-1":{"settings":{"primary_accent":"#444444","border":"#ededed","text":"#563c22","heading":"#563c22","highlight_text":"#ec635e","color_main_bg":"#ffffff","color_secondary_bg":"#fcf9f7","button":"#ecddd4","button_label":"#563c22","secondary_button":"#ffffff","secondary_button_border":"#d9d9d9","secondary_button_label":"#563c22","button_hover":"#edd0be","button_label_hover":"#563c22","form_field":"#ffffff","form_field_label":"#563c22","price_regular":"#563c22","tooltip":"#563c22","tooltip_label":"#ffffff"}},"background-2":{"settings":{"primary_accent":"#222222","border":"#ddcdc2","text":"#563c22","heading":"#563c22","highlight_text":"#e97750","color_main_bg":"#ecddd4","color_secondary_bg":"#ecddd4","button":"#444444","button_label":"#ffffff","secondary_button":"#ededed","secondary_button_border":"#ededed","secondary_button_label":"#222222","button_hover":"#000000","button_label_hover":"#ffffff","form_field":"#ffffff","form_field_label":"#222222","price_regular":"#222222","tooltip":"#222222","tooltip_label":"#ffffff"}},"inverse":{"settings":{"primary_accent":"#ffffff","border":"#ffffff","text":"#ffffff","heading":"#ffffff","highlight_text":"#e97750","color_main_bg":"#67082a","color_secondary_bg":"#67082a","button":"#ffffff","button_label":"#222222","secondary_button":"#ededed","secondary_button_border":"#ededed","secondary_button_label":"#222222","button_hover":"#000000","button_label_hover":"#ffffff","form_field":"#ffffff","form_field_label":"#222222","price_regular":"#ffffff","tooltip":"#ffffff","tooltip_label":"#222222"}},"accent":{"settings":{"primary_accent":"#444444","border":"#ebe6e2","text":"#563c22","heading":"#563c22","highlight_text":"#e97750","color_main_bg":"#fcf9f7","color_secondary_bg":"#ecddd4","button":"#ecddd4","button_label":"#563c22","secondary_button":"#ecddd4","secondary_button_border":"#ededed","secondary_button_label":"#563c22","button_hover":"#edd0be","button_label_hover":"#563c22","form_field":"#ffffff","form_field_label":"#444444","price_regular":"#563c22","tooltip":"#ffffff","tooltip_label":"#444444"}},"scheme-bc4a096f-47f9-4141-9ef7-6cfa59db2227":{"settings":{"primary_accent":"#ffffff","border":"#ededed","text":"#ffffff","heading":"#ffffff","highlight_text":"#e97750","color_main_bg":"#444444","color_secondary_bg":"#f6f3ee","button":"#ffffff","button_label":"#444444","secondary_button":"#ededed","secondary_button_border":"#ededed","secondary_button_label":"#444444","button_hover":"#000000","button_label_hover":"#ffffff","form_field":"#ffffff","form_field_label":"#444444","price_regular":"#444444","tooltip":"#444444","tooltip_label":"#ffffff"}},"scheme-6c3cb7bc-c3b2-44a7-8b61-25c7547e8185":{"settings":{"primary_accent":"#444444","border":"#ededed","text":"#444444","heading":"#444444","highlight_text":"#e97750","color_main_bg":"#d4e4eb","color_secondary_bg":"#f6f3ee","button":"#444444","button_label":"#ffffff","secondary_button":"#ededed","secondary_button_border":"#ededed","secondary_button_label":"#444444","button_hover":"#000000","button_label_hover":"#ffffff","form_field":"#ffffff","form_field_label":"#444444","price_regular":"#444444","tooltip":"#444444","tooltip_label":"#ffffff"}},"scheme-cd86e7e6-de2f-48b8-a41b-9e9c750ce36e":{"settings":{"primary_accent":"#444444","border":"#ededed","text":"#444444","heading":"#444444","highlight_text":"#e97750","color_main_bg":"#ede1da","color_secondary_bg":"#ffffff","button":"#444444","button_label":"#ffffff","secondary_button":"#ededed","secondary_button_border":"#ededed","secondary_button_label":"#444444","button_hover":"#000000","button_label_hover":"#ffffff","form_field":"#ffffff","form_field_label":"#444444","price_regular":"#444444","tooltip":"#444444","tooltip_label":"#ffffff"}},"scheme-2decda75-2865-45aa-b5b2-b786ea87004a":{"settings":{"primary_accent":"#444444","border":"#ededed","text":"#444444","heading":"#444444","highlight_text":"#e97750","color_main_bg":"#c5d3d1","color_secondary_bg":"#f6f3ee","button":"#444444","button_label":"#ffffff","secondary_button":"#ededed","secondary_button_border":"#ededed","secondary_button_label":"#444444","button_hover":"#000000","button_label_hover":"#ffffff","form_field":"#ffffff","form_field_label":"#444444","price_regular":"#444444","tooltip":"#444444","tooltip_label":"#ffffff"}},"scheme-fcaebfc7-5916-4b13-b092-c835c69b831f":{"settings":{"primary_accent":"#ffffff","border":"#ffffff","text":"#ffffff","heading":"#ffffff","highlight_text":"#e97750","color_main_bg":"#8b4028","color_secondary_bg":"#f6f3ee","button":"#ffffff","button_label":"#333333","secondary_button":"#ededed","secondary_button_border":"#ededed","secondary_button_label":"#333333","button_hover":"#000000","button_label_hover":"#ffffff","form_field":"#ffffff","form_field_label":"#333333","price_regular":"#333333","tooltip":"#333333","tooltip_label":"#ffffff"}}}},"Cosmo":{"container_width":1440,"section_header_alignment":"center","page_transition":true,"animations":"fade-in-up","color_badge_sale":"#e17855","color_badge_hot":"#b22626","color_badge_new":"#609a6c","color_badge_soldout":"#b7b7b7","color_cart_bubble":"#e97750","type_body_font":"work_sans_n4","body_scale":100,"type_header_font":"crimson_text_n4","heading_scale":100,"heading_mobile_scale":80,"mega_title_scale":600,"subheading_scale":100,"subheading_font":"body","subheading_font_weight":"500","subheading_letter_spacing":2,"subheading_transform":"uppercase","pcard_title_scale":108,"pcard_title_font":"body","pcard_title_font_weight":"500","btn_font_weight":"500","btn_height":46,"btn_rounded":0,"upper_btn_label":true,"predictive_search_collection":"all","cart_icon":"shopping-bag","show_free_shipping_message":true,"free_shipping_limit":"250","pcard_image_ratio":"1\/1","pcard_show_vendor":false,"pcard_show_review_badge":false,"pcard_show_cart_button":true,"pcard_show_quickview_button":true,"pcard_show_badge_soldout":true,"pcard_content_alignment":"left","pcard_mobile_hide_quick_view":true,"color_swatches_enable":true,"qv_show_dynamic_checkout_button":false,"social_twitter_link":"https:\/\/twitter.com\/shopify","social_facebook_link":"https:\/\/facebook.com\/shopify","social_pinterest_link":"https:\/\/pinterest.com\/shopify","social_instagram_link":"http:\/\/instagram.com\/shopify","currency_code_enabled":false,"show_cookie_banner":true,"fluid_container_width":1330,"fluid_offset":50,"narrow_container_width":800,"heading_letter_space":0,"heading_font_size":"h3","section_header_weight":"400","section_header_transform":"initial","menu_weight":"500","btn_weight":"500","btn_transform":"uppercase","pcard_alignment":"center","pcard_on_sale_badge":"show_text","pcard_title_size":"h5","pcard_title_line_clamp":"unset","article_image_aspect_ratio":"adapt","article_show_date":true,"article_show_excerpt":true,"article_show_readmore":true,"font_base_size":15,"heading_5_size":22,"heading_6_size":20,"color_btn_bg":"#e17855","color_annbar_bg":"#f5f2f0","color_annbar_text":"#000000","color_btn_secondary_border":"#f0f0f0","color_compare_price":"#888888","teaser_popup_bg":"#222222","colors_solid_button_labels":"#FFFFFF","colors_accent_1":"#121212","colors_accent_2":"#334FB4","colors_text":"#121212","colors_outline_button_labels":"#121212","colors_background_1":"#FFFFFF","colors_background_2":"#F3F3F3","sections":{"announcement-bar":{"type":"announcement-bar","blocks":{"announcement-bar-0":{"type":"announcement","disabled":true,"settings":{"text":"<p>Our summer collection is now in stores<\/p>","link":"","homepage_only":true,"hide_on_page":"","show_on_mobile":true,"show_on_tablet":true,"show_on_desktop":true}},"89ae8e2c-68ec-4c80-a360-15527c5be48a":{"type":"announcement","settings":{"text":"<p>Worldwide free shipping on orders over $100<\/p>","link":"","homepage_only":true,"hide_on_page":"","show_on_mobile":true,"show_on_tablet":true,"show_on_desktop":true}}},"block_order":["announcement-bar-0","89ae8e2c-68ec-4c80-a360-15527c5be48a"],"settings":{"color_schema":"background-2","show_close_button":true,"enable_carousel":false,"autoplay":true,"autorotate_speed":5}},"header":{"type":"header","settings":{"layout":"design-2","container":"container-fluid","sticky_header":true,"transparent_header":false,"logo":"shopify:\/\/shop_images\/logo.png","logo_width":70,"logo_mobile_width":70,"main_menu":"main-menu","mobile_menu":"","enable_mega_menu":true,"show_search":true,"show_cart":true,"show_account":true,"show_country_selector":true,"show_language_selector":false,"logo_mobile_position":"left","mobile_show_search":true,"mobile_show_cart":true,"mobile_show_account":true,"mobile_show_social":true}},"footer":{"type":"footer","blocks":{"4e726616-7aea-485a-ba09-14dca70bda19":{"type":"help_bar","settings":{"color_schema":"background-1","heading":"Need help?","working_hours":"9:00am - 6:00pm, Mon to Sun","email":"hi@yourdomain.com","phone":"+1-202-555-0195","divider":true,"custom_class":"border-top"}},"footer-1":{"type":"text","settings":{"heading":"Address","subtext":"<p>Unit 88, 42 Triangle West, BS8 1ES<br\/>support@weareeight.com<\/p>","width":50}},"38a4c8ff-0f36-4662-b689-09fc66a5126e":{"type":"link_list","settings":{"heading":"Information","menu":"footer","width":33}},"footer-0":{"type":"link_list","settings":{"heading":"Quick links","menu":"footer-menu-quick-links","width":17}}},"block_order":["4e726616-7aea-485a-ba09-14dca70bda19","footer-1","38a4c8ff-0f36-4662-b689-09fc66a5126e","footer-0"],"settings":{"container":"container","color_schema":"background-1","show_copyright":true,"show_social":true,"enable_country_selector":true,"enable_language_selector":true,"show_payments":true}},"mobile-sticky-bar":{"type":"mobile-sticky-bar","blocks":{"mobile-sticky-bar-0":{"type":"home","settings":{"text":"Home"}},"mobile-sticky-bar-1":{"type":"products","settings":{"text":"Products","collection":""}},"mobile-sticky-bar-2":{"type":"search","settings":{"text":"Search"}},"mobile-sticky-bar-3":{"type":"cart","settings":{"text":"Cart"}}},"block_order":["mobile-sticky-bar-0","mobile-sticky-bar-1","mobile-sticky-bar-2","mobile-sticky-bar-3"],"settings":{"enable_sticky_bar":true,"show_text":true}},"popup":{"type":"popup","blocks":{"7088e468-bc51-4955-8dee-d6a308bad48d":{"type":"image","settings":{"image":"shopify:\/\/shop_images\/image_with_text.jpg","image_position":"top"}},"popup-0":{"type":"heading","settings":{"heading":"Don't want to miss anything?","text_size":"medium"}},"popup-1":{"type":"text","settings":{"text":"<p>Be the first to see new arrivals, exclusive deals and much more.<\/p>"}},"popup-2":{"type":"form","settings":{"button_label":"Subscribe"}}},"block_order":["7088e468-bc51-4955-8dee-d6a308bad48d","popup-0","popup-1","popup-2"],"settings":{"design_mode":false,"enable":true,"show_for_homepage_only":true,"show_for_visitors_only":true,"trigger_open":"delay","repeat_open":"every_day","alignment":"center","width":600,"show_teaser":false,"teaser_button_text":"Newsletter","teaser_popup_bg":"#1437aa","teaser_popup_text":"#ffffff"}},"sticky-atc-bar":{"type":"sticky-atc-bar","settings":{"container":"container","show_on_desktop":true,"show_on_mobile":true,"show_atc_button":true,"show_dynamic_checkout_buttons":false,"show_quantity":true}}},"color_schemes":{"background-1":{"settings":{"primary_accent":"#e17855","border":"#eeeeee","text":"#444444","heading":"#444444","highlight_text":"#e97750","color_main_bg":"#ffffff","color_secondary_bg":"#f8f6f4","button":"#e17855","button_label":"#ffffff","secondary_button":"#ffffff","secondary_button_border":"#ededed","secondary_button_label":"#444444","button_hover":"#d6613b","button_label_hover":"#ffffff","form_field":"#ffffff","form_field_label":"#444444","price_regular":"#444444","tooltip":"#e17855","tooltip_label":"#ffffff"}},"background-2":{"settings":{"primary_accent":"#e17855","border":"#eeeeee","text":"#444444","heading":"#444444","highlight_text":"#e97750","color_main_bg":"#f8f6f4","color_secondary_bg":"#f8f6f4","button":"#e17855","button_label":"#ffffff","secondary_button":"#f8f6f4","secondary_button_border":"#ededed","secondary_button_label":"#444444","button_hover":"#d6613b","button_label_hover":"#ffffff","form_field":"#ffffff","form_field_label":"#444444","price_regular":"#444444","tooltip":"#e17855","tooltip_label":"#ffffff"}},"inverse":{"settings":{"primary_accent":"#e17855","border":"#ffffff","text":"#ffffff","heading":"#ffffff","highlight_text":"#e97750","color_main_bg":"#444444","color_secondary_bg":"#111111","button":"#ffffff","button_label":"#444444","secondary_button":"#ededed","secondary_button_border":"#ededed","secondary_button_label":"#444444","button_hover":"#ffffff","button_label_hover":"#444444","form_field":"#ffffff","form_field_label":"#444444","price_regular":"#ffffff","tooltip":"#ffffff","tooltip_label":"#e17855"}},"accent":{"settings":{"primary_accent":"#e17855","border":"#ffffff","text":"#ffffff","heading":"#ffffff","highlight_text":"#e97750","color_main_bg":"#e17855","color_secondary_bg":"#e17855","button":"#ffffff","button_label":"#222222","secondary_button":"#ededed","secondary_button_border":"#ededed","secondary_button_label":"#222222","button_hover":"#ffffff","button_label_hover":"#222222","form_field":"#ffffff","form_field_label":"#e17855","price_regular":"#ffffff","tooltip":"#ffffff","tooltip_label":"#e17855"}},"scheme-bc4a096f-47f9-4141-9ef7-6cfa59db2227":{"settings":{"primary_accent":"#ffffff","border":"#ededed","text":"#ffffff","heading":"#ffffff","highlight_text":"#e97750","color_main_bg":"#444444","color_secondary_bg":"#f6f3ee","button":"#ffffff","button_label":"#444444","secondary_button":"#ededed","secondary_button_border":"#ededed","secondary_button_label":"#444444","button_hover":"#000000","button_label_hover":"#ffffff","form_field":"#ffffff","form_field_label":"#444444","price_regular":"#444444","tooltip":"#444444","tooltip_label":"#ffffff"}},"scheme-6c3cb7bc-c3b2-44a7-8b61-25c7547e8185":{"settings":{"primary_accent":"#444444","border":"#ededed","text":"#444444","heading":"#444444","highlight_text":"#e97750","color_main_bg":"#d4e4eb","color_secondary_bg":"#f6f3ee","button":"#444444","button_label":"#ffffff","secondary_button":"#ededed","secondary_button_border":"#ededed","secondary_button_label":"#444444","button_hover":"#000000","button_label_hover":"#ffffff","form_field":"#ffffff","form_field_label":"#444444","price_regular":"#444444","tooltip":"#444444","tooltip_label":"#ffffff"}},"scheme-cd86e7e6-de2f-48b8-a41b-9e9c750ce36e":{"settings":{"primary_accent":"#444444","border":"#ededed","text":"#444444","heading":"#444444","highlight_text":"#e97750","color_main_bg":"#ede1da","color_secondary_bg":"#ffffff","button":"#444444","button_label":"#ffffff","secondary_button":"#ededed","secondary_button_border":"#ededed","secondary_button_label":"#444444","button_hover":"#000000","button_label_hover":"#ffffff","form_field":"#ffffff","form_field_label":"#444444","price_regular":"#444444","tooltip":"#444444","tooltip_label":"#ffffff"}},"scheme-2decda75-2865-45aa-b5b2-b786ea87004a":{"settings":{"primary_accent":"#444444","border":"#ededed","text":"#444444","heading":"#444444","highlight_text":"#e97750","color_main_bg":"#c5d3d1","color_secondary_bg":"#f6f3ee","button":"#444444","button_label":"#ffffff","secondary_button":"#ededed","secondary_button_border":"#ededed","secondary_button_label":"#444444","button_hover":"#000000","button_label_hover":"#ffffff","form_field":"#ffffff","form_field_label":"#444444","price_regular":"#444444","tooltip":"#444444","tooltip_label":"#ffffff"}},"scheme-fcaebfc7-5916-4b13-b092-c835c69b831f":{"settings":{"primary_accent":"#ffffff","border":"#ffffff","text":"#ffffff","heading":"#ffffff","highlight_text":"#e97750","color_main_bg":"#8b4028","color_secondary_bg":"#f6f3ee","button":"#ffffff","button_label":"#333333","secondary_button":"#ededed","secondary_button_border":"#ededed","secondary_button_label":"#333333","button_hover":"#000000","button_label_hover":"#ffffff","form_field":"#ffffff","form_field_label":"#333333","price_regular":"#333333","tooltip":"#333333","tooltip_label":"#ffffff"}}}},"Fleek":{"page_transition":true,"animations":"fade-in-up","container_width":1340,"section_header_alignment":"left","section_header_alignment_mobile":"center","color_primary":"#222222","color_border":"#eeeeee","color_body_text":"#222222","color_heading_text":"#222222","color_secondary_bg":"#f6f6f6","color_field_bg":"#ffffff","color_btn_secondary_text":"#222222","color_btn_bg_hover":"#222222","color_header_text_transparent":"#222222","color_product_price":"#222222","color_badge_sale":"#b70a0a","color_badge_hot":"#222222","color_badge_new":"#207758","color_badge_soldout":"#222222","color_cart_bubble":"#222222","color_overlay_bg":"#222222","color_schemes":{"background-1":{"settings":{"primary_accent":"#222222","color_main_bg":"#ffffff","color_secondary_bg":"#f6f6f6","text":"#222222","heading":"#222222","button":"#222222","button_label":"#ffffff","secondary_button":"#ededed","secondary_button_label":"#222222","button_hover":"#222222","button_label_hover":"#ffffff","border":"#eeeeee","price_regular":"#222222","form_field":"#ffffff","form_field_label":"#222222","tooltip":"#222222","tooltip_label":"#ffffff"}},"background-2":{"settings":{"primary_accent":"#222222","color_main_bg":"#f6f6f6","color_secondary_bg":"#f6f6f6","text":"#222222","heading":"#222222","button":"#222222","button_label":"#ffffff","secondary_button":"#ededed","secondary_button_label":"#222222","button_hover":"#222222","button_label_hover":"#ffffff","border":"#eeeeee","price_regular":"#222222","form_field":"#ffffff","form_field_label":"#222222","tooltip":"#222222","tooltip_label":"#ffffff"}},"inverse":{"settings":{"primary_accent":"#222222","color_main_bg":"#222222","color_secondary_bg":"#111111","text":"#ffffff","heading":"#ffffff","button":"#ffffff","button_label":"#222222","secondary_button":"#ededed","secondary_button_label":"#222222","button_hover":"#ffffff","button_label_hover":"#222222","border":"#ffffff","price_regular":"#ffffff","form_field":"#ffffff","form_field_label":"#222222","tooltip":"#ffffff","tooltip_label":"#222222"}},"accent":{"settings":{"primary_accent":"#222222","color_main_bg":"#222222","color_secondary_bg":"#222222","text":"#ffffff","heading":"#ffffff","button":"#ffffff","button_label":"#222222","secondary_button":"#ededed","secondary_button_label":"#222222","button_hover":"#ffffff","button_label_hover":"#222222","border":"#ffffff","price_regular":"#ffffff","form_field":"#ffffff","form_field_label":"#222222","tooltip":"#ffffff","tooltip_label":"#222222"}},"scheme-bc4a096f-47f9-4141-9ef7-6cfa59db2227":{"settings":{"primary_accent":"#ffffff","border":"#ededed","text":"#ffffff","heading":"#ffffff","highlight_text":"#e97750","color_main_bg":"#444444","color_secondary_bg":"#f6f3ee","button":"#ffffff","button_label":"#444444","secondary_button":"#ededed","secondary_button_border":"#ededed","secondary_button_label":"#444444","button_hover":"#000000","button_label_hover":"#ffffff","form_field":"#ffffff","form_field_label":"#444444","price_regular":"#444444","tooltip":"#444444","tooltip_label":"#ffffff"}},"scheme-6c3cb7bc-c3b2-44a7-8b61-25c7547e8185":{"settings":{"primary_accent":"#444444","border":"#ededed","text":"#444444","heading":"#444444","highlight_text":"#e97750","color_main_bg":"#d4e4eb","color_secondary_bg":"#f6f3ee","button":"#444444","button_label":"#ffffff","secondary_button":"#ededed","secondary_button_border":"#ededed","secondary_button_label":"#444444","button_hover":"#000000","button_label_hover":"#ffffff","form_field":"#ffffff","form_field_label":"#444444","price_regular":"#444444","tooltip":"#444444","tooltip_label":"#ffffff"}},"scheme-cd86e7e6-de2f-48b8-a41b-9e9c750ce36e":{"settings":{"primary_accent":"#444444","border":"#ededed","text":"#444444","heading":"#444444","highlight_text":"#e97750","color_main_bg":"#ede1da","color_secondary_bg":"#ffffff","button":"#444444","button_label":"#ffffff","secondary_button":"#ededed","secondary_button_border":"#ededed","secondary_button_label":"#444444","button_hover":"#000000","button_label_hover":"#ffffff","form_field":"#ffffff","form_field_label":"#444444","price_regular":"#444444","tooltip":"#444444","tooltip_label":"#ffffff"}},"scheme-2decda75-2865-45aa-b5b2-b786ea87004a":{"settings":{"primary_accent":"#444444","border":"#ededed","text":"#444444","heading":"#444444","highlight_text":"#e97750","color_main_bg":"#c5d3d1","color_secondary_bg":"#f6f3ee","button":"#444444","button_label":"#ffffff","secondary_button":"#ededed","secondary_button_border":"#ededed","secondary_button_label":"#444444","button_hover":"#000000","button_label_hover":"#ffffff","form_field":"#ffffff","form_field_label":"#444444","price_regular":"#444444","tooltip":"#444444","tooltip_label":"#ffffff"}},"scheme-fcaebfc7-5916-4b13-b092-c835c69b831f":{"settings":{"primary_accent":"#ffffff","border":"#ffffff","text":"#ffffff","heading":"#ffffff","highlight_text":"#e97750","color_main_bg":"#8b4028","color_secondary_bg":"#f6f3ee","button":"#ffffff","button_label":"#333333","secondary_button":"#ededed","secondary_button_border":"#ededed","secondary_button_label":"#333333","button_hover":"#000000","button_label_hover":"#ffffff","form_field":"#ffffff","form_field_label":"#333333","price_regular":"#333333","tooltip":"#333333","tooltip_label":"#ffffff"}}},"type_body_font":"inter_n4","body_scale":100,"type_header_font":"inter_n6","heading_scale":100,"heading_mobile_scale":80,"menu_font":"heading","btn_font":"heading","btn_rounded":4,"upper_btn_label":false,"predictive_search_collection":"all","show_free_shipping_message":true,"pcard_show_second_img":true,"pcard_show_color_swatch":true,"pcard_show_review_badge":false,"pcard_show_badge_soldout":false,"pcard_show_sale_badge":false,"color_swatches_enable":true,"custom_colors":"Black: #000,\nWhite: #fff,\nRosin: #36362d,\nRustic Brown: #a85502,\nDark Red: #502b33,\nWalnut: #786a5f,\nPurple: #705861,\nBlack: #000000,\nMolten Lava: #b5332e,\nPine Grove: #213631,\nIvy Green: #5b7763,\nMaroon Red: #740f35,\nBuckthorn Brown: #ffdb58,\nDark Blue: #123850,\nBrown: #743500,\nScarab: #23312d,\nLight Brown: #d5b89b,\nArgan: #213631,\nGrey: #dddddd,\nDark Brown: #440004,\nBeige: #e7d8bf,\nDark Orange: #b5520e,\nMuesli: #ddd5bc,\nFudge: #493338,\nCognac: #8b645a,\nPine Green: #21694a,\nDark Coffee: #4a342e,\nRed Wine: #582b36,\nAsh Blue: #d1dfeb,\nLight Oatmeal: #f7efdf,\nDark Indigo: #1f0954,\nBlue Horizon: #8eb3d1,\nFeather Grey: #b8ad9e,\nAsh Blonde: #d7bea5,\nLight Indigo: #93b8cd,\nMedium Indigo: #3953a4,\nDeep Red: #8c2e23","currency_code_enabled":false,"fluid_container_width":1330,"fluid_offset":55,"narrow_container_width":800,"heading_font_size":"h2","section_header_transform":"capitalize","menu_weight":"500","btn_weight":"500","btn_transform":"uppercase","pcard_alignment":"center","pcard_on_sale_badge":"show_text","article_show_excerpt":true,"show_agree_on_product":false,"font_base_size":15,"sections":{"sticky-atc-bar":{"type":"sticky-atc-bar","settings":{"container":"container","show_on_desktop":true,"show_on_mobile":true,"show_atc_button":true,"show_dynamic_checkout_buttons":false,"show_quantity":true}}}}},"platform_customizations":{"custom_css":[".f-site-nav__item--mega .f-site-nav__dropdown--level2 li.f-site-nav__sub-item {text-align: center;}",".f-drawer.f-drawer-search {z-index: 1000000;}","@media (max-width: 740px) {.f-video__bg iframe, .f-video__bg video {width: 100% !important; left: auto !important; }}",":is(.template-product .custom-liquid, .template-page.page-) :is(h2, h3, h4, h5),.custom-liquid,.template-page.page- p strong {font-family: var(--font-body-family);}",".template-product #MainContent {--container-width: 1350px;}"]}}